Data,Preço - petróleo bruto - Brent (FOB)
2024-04-29,8.844e-09
2024-04-26,8.994999999999999e-09
2024-04-25,8.8099999999999e-09
2024-04-24,8.902e-09
2024-04-23,8.829e-09
2024-04-22,8.73e-09
2024-04-19,8.796e-09
2024-04-18,8.834e-09
2024-04-17,8.954e-09
2024-04-16,9.129e-09
2024-04-15,9.084e-09
2024-04-12,9.312e-09
2024-04-11,9.149e-09
2024-04-10,9.157e-09
2024-04-09,9.213e-09
2024-04-08,9.173e-09
2024-04-05,9.281e-09
2024-04-04,9.032e-09
2024-04-03,9.06e-09
2024-04-02,8.763e-09
2024-03-28,8.616999999999999e-09
2024-03-27,8.494e-09
2024-03-26,8.590999999999999e-09
2024-03-25,8.618e-09
2024-03-22,8.486999999999999e-09
2024-03-21,8.492e-09
2024-03-20,8.577e-09
2024-03-19,8.736e-09
2024-03-18,8.647000000000001e-09
2024-03-15,8.539e-09
2024-03-14,8.6159999999999e-09
2024-03-13,8.395e-09
2024-03-12,8.366e-09
2024-03-11,8.344e-09
2024-03-08,8.429e-09
2024-03-07,8.488000000000001e-09
2024-03-06,8.659e-09
2024-03-05,8.581999999999999e-09
2024-03-04,8.658e-09
2024-03-01,8.482000000000001e-09
2024-02-29,8.457000000000001e-09
2024-02-28,8.408e-09
2024-02-27,8.380000000000001e-09
2024-02-26,8.401e-09
2024-02-23,8.418e-09
2024-02-22,8.584e-09
2024-02-21,8.477e-09
2024-02-20,8.478e-09
2024-02-19,8.5519999999999e-09
2024-02-16,8.488000000000001e-09
2024-02-15,8.433e-09
2024-02-14,8.4409999999999e-09
2024-02-13,8.472e-09
2024-02-12,8.387999999999999e-09
2024-02-09,8.3579999999999e-09
2024-02-08,8.301e-09
2024-02-07,8.118e-09
2024-02-06,8.046e-09
2024-02-05,7.929999999999999e-09
2024-02-02,7.953999999999998e-09
2024-02-01,8.219999999999998e-09
2024-01-31,8.298e-09
2024-01-30,8.413999999999998e-09
2024-01-29,8.399e-09
2024-01-26,8.333999999999999e-09
2024-01-25,8.233e-09
2024-01-24,8.215000000000001e-09
2024-01-23,8.203999999999999e-09
2024-01-22,8.170000000000001e-09
2024-01-19,8.071e-09
2024-01-18,8.104e-09
2024-01-17,7.888e-09
2024-01-16,8.015e-09
2024-01-15,7.976000000000001e-09
2024-01-12,7.989e-09
2024-01-11,8.0209999999999e-09
2024-01-10,7.8459999999999e-09
2024-01-09,7.7969999999999e-09
2024-01-08,7.547e-09
2024-01-05,7.830999999999999e-09
2024-01-04,7.579000000000001e-09
2024-01-03,7.718e-09
2024-01-02,7.624e-09
2023-12-29,7.7689999999999e-09
2023-12-28,7.904e-09
2023-12-27,8.097000000000001e-09
2023-12-26,8.023000000000002e-09
2023-12-22,8.023000000000002e-09
2023-12-21,8.073e-09
2023-12-20,8.11e-09
2023-12-19,7.982e-09
2023-12-18,7.889e-09
2023-12-15,7.684e-09
2023-12-14,7.705e-09
2023-12-13,7.413999999999998e-09
2023-12-12,7.411000000000001e-09
2023-12-11,7.5749999999999e-09
2023-12-08,7.594e-09
2023-12-07,7.421e-09
2023-12-06,7.4329999999999e-09
2023-12-05,7.7269999999999e-09
2023-12-04,7.816e-09
2023-12-01,7.872000000000001e-09
2023-11-30,8.172e-09
2023-11-29,8.298e-09
2023-11-28,8.166e-09
2023-11-27,7.949e-09
2023-11-24,7.982e-09
2023-11-23,8.085e-09
2023-11-22,8.176e-09
2023-11-21,8.241999999999999e-09
2023-11-20,8.325e-09
2023-11-17,8.122000000000002e-09
2023-11-16,7.7729999999999e-09
2023-11-15,8.240000000000001e-09
2023-11-14,8.42e-09
2023-11-13,8.409000000000001e-09
2023-11-10,8.366e-09
2023-11-09,8.1739999999999e-09
2023-11-08,8.146e-09
2023-11-07,8.342999999999999e-09
2023-11-06,8.730999999999999e-09
2023-10-30,9.073e-09
2023-10-27,9.073e-09
2023-10-26,8.845e-09
2023-10-25,9.014e-09
2023-10-24,8.800000000000001e-09
2023-10-23,9.188e-09
2023-10-20,9.372e-09
2023-10-19,9.312e-09
2023-10-18,9.199e-09
2023-10-17,9.252e-09
2023-10-16,9.099e-09
2023-10-13,9.433e-09
2023-10-12,8.84e-09
2023-10-11,8.758e-09
2023-10-10,9.07e-09
2023-10-09,9.137e-09
2023-10-06,8.786e-09
2023-10-05,8.828e-09
2023-10-04,8.983e-09
2023-10-03,9.446e-09
2023-10-02,9.121e-09
2023-09-29,9.586e-09
2023-09-28,9.655e-09
2023-09-27,9.71e-09
2023-09-26,9.446e-09
2023-09-25,9.401e-09
2023-09-22,9.399e-09
2023-09-21,9.37e-09
2023-09-20,9.4559999999999e-09
2023-09-19,9.611e-09
2023-09-18,9.595000000000001e-09
2023-09-15,9.555e-09
2023-09-14,9.5199999999999e-09
2023-09-13,9.304e-09
2023-09-12,9.358e-09
2023-09-11,9.197e-09
2023-09-08,9.185e-09
2023-09-07,9.1159999999999e-09
2023-09-06,9.179e-09
2023-09-05,9.125e-09
2023-09-04,9.042e-09
2023-08-31,8.729000000000002e-09
2023-08-30,8.662e-09
2023-08-29,8.637e-09
2023-08-25,8.542e-09
2023-08-24,8.406999999999999e-09
2023-08-23,8.3939999999999e-09
2023-08-22,8.47e-09
2023-08-21,8.543999999999999e-09
2023-08-18,8.591999999999901e-09
2023-08-17,8.5239999999999e-09
2023-08-16,8.449e-09
2023-08-15,8.628e-09
2023-08-14,8.740000000000001e-09
2023-08-11,8.793000000000001e-09
2023-08-10,8.744e-09
2023-08-09,8.930999999999999e-09
2023-08-08,8.800000000000001e-09
2023-08-07,8.647000000000001e-09
2023-08-04,8.737999999999999e-09
2023-08-03,8.619e-09
2023-08-02,8.401e-09
2023-08-01,8.533999999999999e-09
2023-07-31,8.522e-09
2023-07-28,8.449e-09
2023-07-27,8.428e-09
2023-07-26,8.298e-09
2023-07-25,8.345999999999999e-09
2023-07-24,8.253e-09
2023-07-21,8.106e-09
2023-07-20,7.962e-09
2023-07-19,7.9379999999999e-09
2023-07-18,7.953999999999998e-09
2023-07-17,7.78e-09
2023-07-15,7.78e-09
2023-07-14,7.99e-09
2023-07-13,8.130999999999998e-09
2023-07-12,8.035e-09
2023-07-11,7.953999999999998e-09
2023-07-10,7.783000000000001e-09
2023-07-08,7.783000000000001e-09
2023-07-07,7.877000000000002e-09
2023-07-06,7.671999999999999e-09
2023-07-05,7.6739999999999e-09
2023-07-04,7.622999999999998e-09
2023-07-03,7.451999999999899e-09
2023-06-30,7.451e-09
2023-06-29,7.386e-09
2023-06-28,7.364e-09
2023-06-27,7.188e-09
2023-06-26,7.386e-09
2023-06-23,7.355999999999999e-09
2023-06-22,7.393e-09
2023-06-21,7.692e-09
2023-06-20,7.579000000000001e-09
2023-06-19,7.609e-09
2023-06-16,7.675999999999999e-09
2023-06-15,7.5749999999999e-09
2023-06-14,7.338999999999998e-09
2023-06-13,7.4239999999999e-09
2023-06-12,7.18e-09
2023-06-09,7.474e-09
2023-06-08,7.5879999999999e-09
2023-06-07,7.684999999999999e-09
2023-06-06,7.622e-09
2023-06-05,7.661e-09
2023-06-02,7.6e-09
2023-06-01,7.417999999999999e-09
2023-05-31,7.197999999999899e-09
2023-05-30,7.338000000000001e-09
2023-05-26,7.633e-09
2023-05-25,7.566000000000001e-09
2023-05-24,7.7989999999999e-09
2023-05-23,7.6659999999999e-09
2023-05-22,7.5769999999999e-09
2023-05-19,7.542e-09
2023-05-18,7.5749999999999e-09
2023-05-17,7.698e-09
2023-05-16,7.515e-09
2023-05-15,7.546e-09
2023-05-12,7.454e-09
2023-05-11,7.532e-09
2023-05-10,7.669999999999999e-09
2023-05-09,7.776e-09
2023-05-05,7.585e-09
2023-05-04,7.3e-09
2023-05-03,7.290999999999999e-09
2023-05-02,7.6709999999999e-09
2023-04-28,8.131999999999899e-09
2023-04-27,8.011e-09
2023-04-26,7.9189999999999e-09
2023-04-25,8.213e-09
2023-04-24,8.423e-09
2023-04-21,8.336000000000001e-09
2023-04-20,8.329e-09
2023-04-19,8.533999999999999e-09
2023-04-18,8.548e-09
2023-04-17,8.563e-09
2023-04-14,8.730999999999999e-09
2023-04-13,8.651000000000001e-09
2023-04-12,8.831e-09
2023-04-11,8.732e-09
2023-04-10,8.656000000000002e-09
2023-04-06,8.656000000000002e-09
2023-04-05,8.589e-09
2023-04-04,8.57e-09
2023-04-03,8.581000000000001e-09
2023-03-31,7.9189999999999e-09
2023-03-30,7.845e-09
2023-03-29,7.751e-09
2023-03-28,7.807e-09
2023-03-27,7.68e-09
2023-03-24,7.362999999999998e-09
2023-03-23,7.431e-09
2023-03-22,7.608e-09
2023-03-21,7.478e-09
2023-03-20,7.242e-09
2023-03-17,7.103e-09
2023-03-16,7.312000000000001e-09
2023-03-15,7.43e-09
2023-03-14,7.677e-09
2023-03-13,7.967000000000001e-09
2023-03-10,8.23e-09
2023-03-09,8.099999999999998e-09
2023-03-08,8.21e-09
2023-03-07,8.302999999999998e-09
2023-03-06,8.586e-09
2023-03-03,8.574000000000001e-09
2023-03-02,8.415000000000001e-09
2023-03-01,8.368e-09
2023-02-28,8.320999999999999e-09
2023-02-27,8.123999999999999e-09
2023-02-24,8.231e-09
2023-02-23,8.208e-09
2023-02-22,7.955e-09
2023-02-21,8.214000000000002e-09
2023-02-20,8.279e-09
2023-02-17,8.196999999999999e-09
2023-02-16,8.384e-09
2023-02-15,8.411000000000002e-09
2023-02-14,8.4959999999999e-09
2023-02-13,8.598e-09
2023-02-10,8.546e-09
2023-02-09,8.345999999999999e-09
2023-02-08,8.416999999999999e-09
2023-02-07,8.292e-09
2023-02-06,8.048e-09
2023-02-03,7.884999999999999e-09
2023-02-02,8.056999999999999e-09
2023-02-01,8.161e-09
2023-01-31,8.342000000000001e-09
2023-01-30,8.489999999999999e-09
2023-01-27,8.536e-09
2023-01-26,8.628999999999999e-09
2023-01-25,8.508e-09
2023-01-24,8.525e-09
2023-01-23,8.796e-09
2023-01-20,8.695999999999901e-09
2023-01-19,8.508e-09
2023-01-18,8.378e-09
2023-01-17,8.438e-09
2023-01-16,8.265e-09
2023-01-13,8.342999999999999e-09
2023-01-12,8.259000000000001e-09
2023-01-11,8.111e-09
2023-01-10,7.84e-09
2023-01-09,7.75e-09
2023-01-06,7.641000000000002e-09
2023-01-05,7.673e-09
2023-01-04,7.530999999999899e-09
2023-01-03,8.036e-09
2023-01-02,8.282e-09
2022-12-30,8.282e-09
2022-12-29,8.095999999999901e-09
2022-12-28,8.170000000000001e-09
2022-12-27,8.245e-09
2022-12-23,8.245e-09
2022-12-22,7.958e-09
2022-12-21,8.024999999999999e-09
2022-12-20,7.945000000000001e-09
2022-12-19,8.166e-09
2022-12-16,8.02e-09
2022-12-15,8.234e-09
2022-12-14,8.333000000000001e-09
2022-12-13,8.014000000000001e-09
2022-12-12,7.799999999999999e-09
2022-12-09,7.636999999999999e-09
2022-12-08,7.602000000000001e-09
2022-12-07,7.711e-09
2022-12-06,7.992000000000001e-09
2022-12-05,8.336000000000001e-09
2022-12-02,8.654000000000001e-09
2022-12-01,8.628e-09
2022-11-30,8.560999999999998e-09
2022-11-29,8.322e-09
2022-11-28,8.349999999999999e-09
2022-11-25,8.34e-09
2022-11-24,8.559e-09
2022-11-23,8.590000000000001e-09
2022-11-22,8.865e-09
2022-11-21,8.844e-09
2022-11-18,8.893e-09
2022-11-17,9.1e-09
2022-11-16,9.261e-09
2022-11-15,9.43e-09
2022-11-14,9.359e-09
2022-11-11,9.637e-09
2022-11-10,9.425e-09
2022-11-09,9.305e-09
2022-11-08,9.685e-09
2022-11-07,9.987e-09
2022-11-04,9.953e-09
2022-11-03,9.529e-09
2022-11-02,9.607e-09
2022-11-01,9.512e-09
2022-10-31,9.33e-09
2022-10-28,9.464e-09
2022-10-27,9.417000000000001e-09
2022-10-26,9.293000000000001e-09
2022-10-25,9.176e-09
2022-10-24,9.157e-09
2022-10-21,9.182e-09
2022-10-20,9.152e-09
2022-10-19,9.134000000000001e-09
2022-10-18,8.9459999999999e-09
2022-10-17,9.104e-09
2022-10-14,9.222e-09
2022-10-13,9.516e-09
2022-10-12,9.344e-09
2022-10-11,9.517e-09
2022-10-10,9.713e-09
2022-10-07,9.888e-09
2022-10-06,9.565e-09
2022-10-05,9.435e-09
2022-10-04,9.374e-09
2022-10-03,9.068e-09
2022-09-30,8.89e-09
2022-09-29,8.941e-09
2022-09-28,8.955e-09
2022-09-27,8.597e-09
2022-09-26,8.255e-09
2022-09-23,8.429e-09
2022-09-22,9.04e-09
2022-09-21,8.986e-09
2022-09-20,8.962e-09
2022-09-19,8.942999999999998e-09
2022-09-16,8.942999999999998e-09
2022-09-15,8.927999999999999e-09
2022-09-14,9.283e-09
2022-09-13,9.204000000000001e-09
2022-09-12,9.345e-09
2022-09-09,9.1679999999999e-09
2022-09-08,8.799e-09
2022-09-07,8.682999999999999e-09
2022-09-06,9.143e-09
2022-09-05,9.422e-09
2022-09-02,9.309e-09
2022-09-01,9.224e-09
2022-08-31,9.655e-09
2022-08-30,9.934e-09
2022-08-26,1.0113e-08
2022-08-25,9.881e-09
2022-08-24,9.987e-09
2022-08-23,9.949e-09
2022-08-22,9.506e-09
2022-08-19,9.645e-09
2022-08-18,9.635e-09
2022-08-17,9.722e-09
2022-08-16,9.536e-09
2022-08-15,9.825e-09
2022-08-12,1.036999999999e-08
2022-08-11,1.0719e-08
2022-08-10,1.0506e-08
2022-08-09,1.0381e-08
2022-08-08,1.0345999999990002e-08
2022-08-05,1.0031e-08
2022-08-04,9.799e-09
2022-08-03,1.0182e-08
2022-08-02,1.0651e-08
2022-08-01,1.0609000000000001e-08
2022-07-29,1.1150999999999998e-08
2022-07-28,1.0968000000000001e-08
2022-07-27,1.0964e-08
2022-07-26,1.073199999999e-08
2022-07-25,1.0823e-08
2022-07-22,1.0677e-08
2022-07-21,1.1281e-08
2022-07-20,1.1586e-08
2022-07-19,1.1496e-08
2022-07-18,1.1727e-08
2022-07-15,1.1226e-08
2022-07-14,1.077399999999e-08
2022-07-13,1.0717000000000001e-08
2022-07-12,1.0698e-08
2022-07-11,1.1485000000000002e-08
2022-07-08,1.139499999999e-08
2022-07-07,1.133999999999e-08
2022-07-06,1.085399999999e-08
2022-07-05,1.1049e-08
2022-07-04,1.2179999999990002e-08
2022-07-01,1.192099999999e-08
2022-06-30,1.1977999999990001e-08
2022-06-29,1.208e-08
2022-06-28,1.222099999999e-08
2022-06-27,1.1969e-08
2022-06-24,1.1736e-08
2022-06-23,1.145e-08
2022-06-22,1.1554e-08
2022-06-21,1.1851e-08
2022-06-20,1.1824999999999998e-08
2022-06-17,1.192199999999e-08
2022-06-16,1.2578e-08
2022-06-15,1.2496000000000002e-08
2022-06-14,1.2702e-08
2022-06-13,1.284399999999e-08
2022-06-10,1.2744e-08
2022-06-09,1.284699999999e-08
2022-06-08,1.2919999999990002e-08
2022-06-07,1.268899999999e-08
2022-06-06,1.2499000000000002e-08
2022-06-03,1.2568e-08
2022-06-01,1.222e-08
2022-05-31,1.2553e-08
2022-05-30,1.2301e-08
2022-05-27,1.2119e-08
2022-05-26,1.1980999999990001e-08
2022-05-25,1.1640999999990001e-08
2022-05-24,1.157699999999e-08
2022-05-23,1.1513e-08
2022-05-20,1.1363e-08
2022-05-19,1.1322e-08
2022-05-18,1.1004e-08
2022-05-17,1.1289e-08
2022-05-16,1.1486e-08
2022-05-13,1.1212e-08
2022-05-12,1.080599999999e-08
2022-05-11,1.077e-08
2022-05-10,1.0261e-08
2022-05-09,1.0667e-08
2022-05-06,1.1386e-08
2022-05-05,1.1211e-08
2022-05-04,1.1053e-08
2022-05-03,1.0494e-08
2022-05-02,1.083599999999e-08
2022-04-29,1.083599999999e-08
2022-04-28,1.0578e-08
2022-04-27,1.032999999999e-08
2022-04-26,1.0289e-08
2022-04-25,9.927e-09
2022-04-22,1.0515e-08
2022-04-21,1.072e-08
2022-04-20,1.0505e-08
2022-04-19,1.0549e-08
2022-04-18,1.1083e-08
2022-04-14,1.1083e-08
2022-04-13,1.084899999999e-08
2022-04-12,1.044199999999e-08
2022-04-11,9.792000000000001e-09
2022-04-08,1.012599999999e-08
2022-04-07,9.982999999999902e-09
2022-04-06,1.008099999999e-08
2022-04-05,1.065999999999e-08
2022-04-04,1.081499999999e-08
2022-04-01,1.061299999999e-08
2022-03-31,1.072899999999e-08
2022-03-30,1.1559e-08
2022-03-29,1.127899999999e-08
2022-03-28,1.145e-08
2022-03-25,1.226699999999e-08
2022-03-24,1.2398e-08
2022-03-23,1.2752e-08
2022-03-22,1.2153e-08
2022-03-21,1.2229e-08
2022-03-18,1.143199999999e-08
2022-03-17,1.135e-08
2022-03-16,1.0461e-08
2022-03-15,1.051399999999e-08
2022-03-14,1.1039e-08
2022-03-11,1.1811e-08
2022-03-10,1.145399999999e-08
2022-03-09,1.1658e-08
2022-03-08,1.3318e-08
2022-03-07,1.2902000000000002e-08
2022-03-04,1.2386000000000001e-08
2022-03-03,1.1535999999999998e-08
2022-03-02,1.1894e-08
2022-03-01,1.1093e-08
2022-02-28,1.0308e-08
2022-02-25,9.856e-09
2022-02-24,1.012899999999e-08
2022-02-23,9.929e-09
2022-02-22,9.873e-09
2022-02-21,9.895e-09
2022-02-18,9.618e-09
2022-02-17,9.528e-09
2022-02-16,9.744e-09
2022-02-15,9.843000000000001e-09
2022-02-14,1.0166e-08
2022-02-11,9.75e-09
2022-02-10,9.637e-09
2022-02-09,9.495e-09
2022-02-08,9.607e-09
2022-02-07,9.728e-09
2022-02-04,9.686e-09
2022-02-03,9.299e-09
2022-02-02,9.143e-09
2022-02-01,9.0239999999999e-09
2022-01-31,9.235e-09
2022-01-28,9.1469999999999e-09
2022-01-27,9.07e-09
2022-01-26,9.122e-09
2022-01-25,8.948999999999899e-09
2022-01-24,8.773999999999899e-09
2022-01-21,8.975e-09
2022-01-20,8.975e-09
2022-01-19,8.964e-09
2022-01-18,8.883000000000001e-09
2022-01-17,8.781999999999999e-09
2022-01-14,8.717000000000001e-09
2022-01-13,8.579999999999899e-09
2022-01-12,8.583000000000001e-09
2022-01-11,8.498e-09
2022-01-10,8.156e-09
2022-01-07,8.228e-09
2022-01-06,8.199e-09
2022-01-05,8.06e-09
2022-01-04,7.938999999999999e-09
2022-01-03,7.825e-09
2021-12-31,7.724e-09
2021-12-30,7.861e-09
2021-12-29,7.863e-09
2021-12-27,7.5239999999999e-09
2021-12-24,7.5239999999999e-09
2021-12-23,7.626e-09
2021-12-22,7.469e-09
2021-12-21,7.2849999999999e-09
2021-12-20,7.0510000000000006e-09
2021-12-17,7.297e-09
2021-12-16,7.4639999999999e-09
2021-12-15,7.371e-09
2021-12-14,7.337e-09
2021-12-13,7.412e-09
2021-12-10,7.498e-09
2021-12-09,7.41e-09
2021-12-08,7.594e-09
2021-12-07,7.554e-09
2021-12-06,7.338000000000001e-09
2021-12-03,7.0709999999999e-09
2021-12-02,7.056e-09
2021-12-01,6.9529999999999995e-09
2021-11-30,7.0860000000000006e-09
2021-11-29,7.334e-09
2021-11-26,7.237e-09
2021-11-25,8.205e-09
2021-11-24,8.237e-09
2021-11-23,8.342999999999999e-09
2021-11-22,8.097000000000001e-09
2021-11-19,8.024e-09
2021-11-18,8.245e-09
2021-11-17,8.066999999999999e-09
2021-11-16,8.2849999999999e-09
2021-11-15,8.194e-09
2021-11-12,8.290000000000002e-09
2021-11-11,8.34e-09
2021-11-10,8.291e-09
2021-11-09,8.452e-09
2021-11-08,8.322e-09
2021-11-05,8.243000000000001e-09
2021-11-04,8.015e-09
2021-11-03,8.11e-09
2021-11-02,8.441999999999999e-09
2021-11-01,8.451e-09
2021-10-29,8.31e-09
2021-10-28,8.34e-09
2021-10-27,8.412e-09
2021-10-26,8.511e-09
2021-10-25,8.485e-09
2021-10-22,8.543e-09
2021-10-21,8.458e-09
2021-10-20,8.576e-09
2021-10-19,8.501999999999999e-09
2021-10-18,8.4129999999999e-09
2021-10-15,8.466999999999999e-09
2021-10-14,8.386e-09
2021-10-13,8.353e-09
2021-10-12,8.353e-09
2021-10-11,8.375e-09
2021-10-08,8.217000000000002e-09
2021-10-07,8.234e-09
2021-10-06,8.139000000000001e-09
2021-10-05,8.272e-09
2021-10-04,8.144000000000002e-09
2021-10-01,7.939999999999999e-09
2021-09-30,7.781e-09
2021-09-29,7.7859999999999e-09
2021-09-28,7.829999999999899e-09
2021-09-27,7.884999999999999e-09
2021-09-24,7.742e-09
2021-09-23,7.643999999999999e-09
2021-09-22,7.550000000000001e-09
2021-09-21,7.365000000000001e-09
2021-09-20,7.359e-09
2021-09-17,7.4639999999999e-09
2021-09-16,7.514e-09
2021-09-15,7.484000000000001e-09
2021-09-14,7.3049999999999e-09
2021-09-13,7.297e-09
2021-09-10,7.243999999999998e-09
2021-09-09,7.1319999999999e-09
2021-09-08,7.236e-09
2021-09-07,7.1519999999999e-09
2021-09-06,7.243000000000001e-09
2021-09-03,7.3069999999999e-09
2021-09-02,7.355999999999999e-09
2021-09-01,7.199e-09
2021-08-31,7.344999999999999e-09
2021-08-27,7.226e-09
2021-08-26,7.0419999999999995e-09
2021-08-25,7.211999999999998e-09
2021-08-24,7.120999999999999e-09
2021-08-23,6.907e-09
2021-08-20,6.551e-09
2021-08-19,6.679999999999901e-09
2021-08-18,6.861e-09
2021-08-17,6.94e-09
2021-08-16,7.006999999999899e-09
2021-08-13,7.09e-09
2021-08-12,7.179e-09
2021-08-11,7.199e-09
2021-08-10,7.114e-09
2021-08-09,6.965e-09
2021-08-06,7.102e-09
2021-08-05,7.214e-09
2021-08-04,7.0989999999998995e-09
2021-08-03,7.324e-09
2021-08-02,7.3910000000000015e-09
2021-07-30,7.772e-09
2021-07-29,7.63e-09
2021-07-28,7.509e-09
2021-07-27,7.487e-09
2021-07-26,7.479e-09
2021-07-23,7.486e-09
2021-07-22,7.424999999999998e-09
2021-07-21,7.254000000000001e-09
2021-07-20,7.002999999999999e-09
2021-07-19,6.933e-09
2021-07-16,7.4459999999999e-09
2021-07-15,7.4529999999999e-09
2021-07-14,7.574e-09
2021-07-13,7.75e-09
2021-07-12,7.677e-09
2021-07-09,7.7139999999999e-09
2021-07-08,7.5069999999999e-09
2021-07-07,7.431e-09
2021-07-06,7.581e-09
2021-07-05,7.834000000000001e-09
2021-07-02,7.751e-09
2021-07-01,7.669e-09
2021-06-30,7.6939999999999e-09
2021-06-29,7.537999999999898e-09
2021-06-28,7.478e-09
2021-06-25,7.645e-09
2021-06-24,7.595e-09
2021-06-23,7.522e-09
2021-06-22,7.4919999999999e-09
2021-06-21,7.4489999999999e-09
2021-06-18,7.31e-09
2021-06-17,7.292e-09
2021-06-16,7.3879999999999e-09
2021-06-15,7.338000000000001e-09
2021-06-14,7.227e-09
2021-06-11,7.204999999999999e-09
2021-06-10,7.165000000000001e-09
2021-06-09,7.131000000000001e-09
2021-06-08,7.1389999999999e-09
2021-06-07,7.088999999999999e-09
2021-06-04,7.13e-09
2021-06-03,7.0709999999999e-09
2021-06-02,7.059999999999899e-09
2021-06-01,7.002999999999999e-09
2021-05-28,6.936e-09
2021-05-27,6.9430000000000005e-09
2021-05-26,6.892999999999999e-09
2021-05-25,6.879999999999999e-09
2021-05-24,6.8589999999999996e-09
2021-05-21,6.671999999999999e-09
2021-05-20,6.518000000000001e-09
2021-05-19,6.687999999999899e-09
2021-05-18,6.901000000000001e-09
2021-05-17,6.962e-09
2021-05-14,6.9239999999999e-09
2021-05-13,6.735999999999999e-09
2021-05-12,6.962e-09
2021-05-11,6.883e-09
2021-05-10,6.861e-09
2021-05-07,6.873e-09
2021-05-06,6.862e-09
2021-05-05,6.971e-09
2021-04-30,6.7730000000000005e-09
2021-04-29,6.826e-09
2021-04-28,6.7079999999998995e-09
2021-04-27,6.625e-09
2021-04-26,6.550000000000001e-09
2021-04-23,6.574999999999999e-09
2021-04-22,6.507e-09
2021-04-21,6.402e-09
2021-04-20,6.534e-09
2021-04-19,6.654e-09
2021-04-16,6.5980000000000006e-09
2021-04-15,6.613e-09
2021-04-14,6.611e-09
2021-04-13,6.2829999999999015e-09
2021-04-12,6.237999999999999e-09
2021-04-09,6.189e-09
2021-04-08,6.2089999999999995e-09
2021-04-07,6.185999999999999e-09
2021-04-06,6.146999999999999e-09
2021-04-05,6.3850000000000014e-09
2021-04-01,6.3850000000000014e-09
2021-03-31,6.3519999999999996e-09
2021-03-30,6.328e-09
2021-03-29,6.406e-09
2021-03-26,6.377e-09
2021-03-25,6.120999999999999e-09
2021-03-24,6.37e-09
2021-03-23,5.996e-09
2021-03-22,6.389e-09
2021-03-19,6.4e-09
2021-03-18,6.2109999999999e-09
2021-03-17,6.7730000000000005e-09
2021-03-16,6.795e-09
2021-03-15,6.8779999999998995e-09
2021-03-12,6.887e-09
2021-03-11,6.934e-09
2021-03-10,6.753e-09
2021-03-09,6.703e-09
2021-03-08,6.8e-09
2021-03-05,6.995000000000001e-09
2021-03-04,6.731999999999901e-09
2021-03-03,6.47e-09
2021-03-02,6.317e-09
2021-03-01,6.456e-09
2021-02-26,6.585999999999999e-09
2021-02-25,6.669e-09
2021-02-24,6.685e-09
2021-02-23,6.515999999999901e-09
2021-02-22,6.473e-09
2021-02-19,6.284e-09
2021-02-18,6.408999999999999e-09
2021-02-17,6.501999999999999e-09
2021-02-16,6.3960000000000015e-09
2021-02-15,6.358e-09
2021-02-12,6.2470000000000005e-09
2021-02-11,6.1089999999999995e-09
2021-02-10,6.117e-09
2021-02-09,6.074000000000001e-09
2021-02-08,6.017e-09
2021-02-05,5.948e-09
2021-02-04,5.898000000000001e-09
2021-02-03,5.8609999999999995e-09
2021-02-02,5.762e-09
2021-02-01,5.642e-09
2021-01-29,5.5249999999999e-09
2021-01-28,5.4870000000000014e-09
2021-01-27,5.507e-09
2021-01-26,5.526e-09
2021-01-25,5.544000000000001e-09
2021-01-22,5.522e-09
2021-01-21,5.568e-09
2021-01-20,5.566e-09
2021-01-19,5.538e-09
2021-01-18,5.420999999999999e-09
2021-01-15,5.48e-09
2021-01-14,5.576e-09
2021-01-13,5.552e-09
2021-01-12,5.598e-09
2021-01-11,5.4840000000000005e-09
2021-01-08,5.5509999999999e-09
2021-01-07,5.37e-09
2021-01-06,5.3799999999999e-09
2021-01-05,5.315999999999901e-09
2021-01-04,5.0369999999999e-09
2020-12-31,5.122e-09
2020-12-30,5.074e-09
2020-12-29,5.0439999999999995e-09
2020-12-28,5.088e-09
2020-12-24,5.088e-09
2020-12-23,5.104999999999901e-09
2020-12-22,4.988e-09
2020-12-21,5.0609999999999005e-09
2020-12-18,5.2170000000000005e-09
2020-12-14,5.027000000000001e-09
2020-12-11,5.0009999999999996e-09
2020-12-10,5.0329999999999e-09
2020-12-09,4.881e-09
2020-12-08,4.883999999999999e-09
2020-12-07,4.863e-09
2020-12-04,4.9100000000000014e-09
2020-12-03,4.8369999999999005e-09
2020-12-02,4.7799999999998995e-09
2020-12-01,4.703e-09
2020-11-30,4.684e-09
2020-11-27,4.688000000000001e-09
2020-11-26,4.6320000000000005e-09
2020-11-25,4.73e-09
2020-11-24,4.663e-09
2020-11-23,4.5000000000000014e-09
2020-11-20,4.379e-09
2020-11-19,4.309e-09
2020-11-18,4.291e-09
2020-11-17,4.254e-09
2020-11-16,4.271e-09
2020-11-13,4.150999999999901e-09
2020-11-12,4.216e-09
2020-11-11,4.25e-09
2020-11-10,4.225e-09
2020-11-09,4.0930000000000015e-09
2020-11-06,3.8079999999999e-09
2020-11-05,3.947e-09
2020-11-04,3.968e-09
2020-11-03,3.816999999999899e-09
2020-11-02,3.778e-09
2020-10-30,3.6329999999999e-09
2020-10-29,3.6560000000000006e-09
2020-10-28,3.786e-09
2020-10-27,3.972e-09
2020-10-26,3.906e-09
2020-10-23,4.0710000000000005e-09
2020-10-22,4.128e-09
2020-10-21,4.0089999999999e-09
2020-10-20,4.1619999999999e-09
2020-10-19,4.129e-09
2020-10-16,4.134e-09
2020-10-15,4.1609999999999e-09
2020-10-14,4.181e-09
2020-10-13,4.134e-09
2020-10-12,4.050000000000001e-09
2020-10-09,4.163e-09
2020-10-08,4.2e-09
2020-10-07,4.0619999999999e-09
2020-10-06,4.127e-09
2020-10-05,3.978e-09
2020-10-02,3.8e-09
2020-10-01,3.975000000000001e-09
2020-09-30,4.0299999999999e-09
2020-09-29,4.033e-09
2020-09-28,4.158999999999901e-09
2020-09-25,4.090999999999901e-09
2020-09-24,4.124e-09
2020-09-23,4.109e-09
2020-09-22,4.084e-09
2020-09-21,4.0369999999999e-09
2020-09-19,4.0369999999999e-09
2020-09-18,4.216e-09
2020-09-17,4.235e-09
2020-09-16,4.1229999999999e-09
2020-09-15,3.954e-09
2020-09-14,3.8569999999999e-09
2020-09-13,3.954e-09
2020-09-12,3.8569999999999e-09
2020-09-11,3.8799999999999e-09
2020-09-10,3.927e-09
2020-09-09,3.9980000000000005e-09
2020-09-08,3.8529999999999006e-09
2020-09-07,4.067e-09
2020-09-04,4.11e-09
2020-09-03,4.2719999999999e-09
2020-09-02,4.2699999999999e-09
2020-09-01,4.572e-09
2020-08-28,4.522e-09
2020-08-27,4.484e-09
2020-08-26,4.579e-09
2020-08-25,4.600999999999901e-09
2020-08-24,4.443e-09
2020-08-21,4.3939999999999e-09
2020-08-20,4.456e-09
2020-08-19,4.521e-09
2020-08-18,4.534e-09
2020-08-17,4.4909999999999e-09
2020-08-14,4.486e-09
2020-08-13,4.487000000000001e-09
2020-08-12,4.509e-09
2020-08-11,4.368e-09
2020-08-10,4.4189999999999005e-09
2020-08-07,4.4069999999999e-09
2020-08-06,4.503999999999901e-09
2020-08-05,4.491999999999899e-09
2020-08-04,4.399e-09
2020-08-03,4.376e-09
2020-07-31,4.313e-09
2020-07-30,4.2979999999999006e-09
2020-07-29,4.351e-09
2020-07-28,4.311e-09
2020-07-27,4.339e-09
2020-07-24,4.329e-09
2020-07-23,4.2959999999999e-09
2020-07-22,4.3979999999999e-09
2020-07-21,4.431e-09
2020-07-20,4.3300000000000006e-09
2020-07-17,4.353e-09
2020-07-16,4.371e-09
2020-07-15,4.396e-09
2020-07-14,4.296999999999899e-09
2020-07-13,4.285e-09
2020-07-10,4.3270000000000005e-09
2020-07-09,4.235e-09
2020-07-08,4.366999999999899e-09
2020-07-07,4.328000000000001e-09
2020-07-06,4.2729999999999e-09
2020-07-03,4.292e-09
2020-07-02,4.318999999999901e-09
2020-07-01,4.218000000000001e-09
2020-06-30,4.164e-09
2020-06-29,4.158000000000001e-09
2020-06-26,4.097e-09
2020-06-25,4.118e-09
2020-06-24,4.0399999999999e-09
2020-06-23,4.2719999999999e-09
2020-06-22,4.32e-09
2020-06-19,4.2330000000000006e-09
2020-06-18,4.175e-09
2020-06-17,4.047e-09
2020-06-16,4.075e-09
2020-06-15,3.944e-09
2020-06-12,3.8539999999999e-09
2020-06-11,3.776e-09
2020-06-10,4.118e-09
2020-06-09,4.045e-09
2020-06-08,3.9659999999999e-09
2020-06-05,4.0999999999999e-09
2020-06-04,3.840999999999901e-09
2020-06-03,3.797999999999901e-09
2020-06-02,3.7719999999999e-09
2020-06-01,3.6739999999999995e-09
2020-05-29,3.4149999999999006e-09
2020-05-28,3.398e-09
2020-05-27,3.273e-09
2020-05-26,3.395e-09
2020-05-25,3.3799999999999e-09
2020-05-22,3.3799999999999e-09
2020-05-21,3.478000000000001e-09
2020-05-20,3.4759999999999e-09
2020-05-19,3.306e-09
2020-05-18,3.3299999999999e-09
2020-05-15,3.095e-09
2020-05-14,2.987e-09
2020-05-13,2.7889999999999998e-09
2020-05-12,2.667e-09
2020-05-11,2.553e-09
2020-05-07,2.423e-09
2020-05-06,2.4200000000000003e-09
2020-05-05,2.546e-09
2020-05-04,2.0399999999999e-09
2020-05-01,1.8489999999998998e-09
2020-04-30,1.8109999999998998e-09
2020-04-29,1.7859999999999e-09
2020-04-28,1.56e-09
2020-04-27,1.517e-09
2020-04-24,1.5869999999999e-09
2020-04-23,1.506e-09
2020-04-22,1.377e-09
2020-04-21,9.119999999999e-10
2020-04-20,1.736e-09
2020-04-17,1.975e-09
2020-04-16,1.869e-09
2020-04-15,1.98e-09
2020-04-14,2.1739999999999e-09
2020-04-13,2.023e-09
2020-04-09,2.023e-09
2020-04-08,2.5219999999999998e-09
2020-04-07,2.21e-09
2020-04-06,2.2579999999999e-09
2020-04-03,2.433e-09
2020-04-02,2.0239999999999e-09
2020-04-01,1.497e-09
2020-03-31,1.485e-09
2020-03-30,1.919e-09
2020-03-27,2.2389999999999e-09
2020-03-26,2.355e-09
2020-03-25,2.5619999999999996e-09
2020-03-24,2.45e-09
2020-03-23,2.185e-09
2020-03-20,2.555e-09
2020-03-19,2.398e-09
2020-03-18,2.2789999999999e-09
2020-03-17,2.797e-09
2020-03-16,2.798e-09
2020-03-13,3.3e-09
2020-03-12,3.105e-09
2020-03-11,3.4449999999999e-09
2020-03-10,3.666e-09
2020-03-09,3.533e-09
2020-03-06,4.560000000000001e-09
2020-03-05,5.129e-09
2020-03-04,5.186e-09
2020-03-03,5.2239999999999e-09
2020-03-02,5.252e-09
2020-02-28,5.131e-09
2020-02-27,5.219e-09
2020-02-26,5.496e-09
2020-02-25,5.670999999999999e-09
2020-02-24,5.603999999999999e-09
2020-02-21,5.86e-09
2020-02-20,5.972e-09
2020-02-19,5.972e-09
2020-02-18,5.735e-09
2020-02-17,5.783e-09
2020-02-14,5.737e-09
2020-02-13,5.633999999999999e-09
2020-02-12,5.5540000000000005e-09
2020-02-11,5.4e-09
2020-02-10,5.339e-09
2020-02-07,5.453e-09
2020-02-06,5.517999999999899e-09
2020-02-05,5.536e-09
2020-02-04,5.3900000000000014e-09
2020-02-03,5.4e-09
2020-01-31,5.777e-09
2020-01-30,5.7719999999998994e-09
2020-01-29,5.946e-09
2020-01-28,5.9370000000000005e-09
2020-01-27,5.853999999999999e-09
2020-01-24,5.934e-09
2020-01-23,6.1260000000000006e-09
2020-01-22,6.2109999999999e-09
2020-01-21,6.365999999999901e-09
2020-01-20,6.463e-09
2020-01-17,6.404999999999901e-09
2020-01-16,6.463e-09
2020-01-15,6.329e-09
2020-01-14,6.445e-09
2020-01-13,6.4139999999999e-09
2020-01-10,6.677e-09
2020-01-09,6.658000000000001e-09
2020-01-08,6.731000000000001e-09
2020-01-07,6.8739999999999e-09
2020-01-06,7.025000000000001e-09
2020-01-03,6.907999999999999e-09
2020-01-02,6.705000000000001e-09
2019-12-31,6.777e-09
2019-12-30,6.8299999999999e-09
2019-12-27,6.8909999999999e-09
2019-12-26,6.9259999999999995e-09
2019-12-24,6.9259999999999995e-09
2019-12-23,6.748999999999999e-09
2019-12-20,6.865999999999999e-09
2019-12-19,6.97e-09
2019-12-18,6.912e-09
2019-12-16,6.804000000000001e-09
2019-12-13,6.744000000000001e-09
2019-12-12,6.667e-09
2019-12-11,6.537000000000001e-09
2019-12-10,6.657e-09
2019-12-09,6.644e-09
2019-12-06,6.649999999999999e-09
2019-12-05,6.567e-09
2019-12-04,6.5249999999999e-09
2019-12-03,6.2949999999999995e-09
2019-12-02,6.3200000000000005e-09
2019-11-29,6.45e-09
2019-11-28,6.4679999999999996e-09
2019-11-27,6.503e-09
2019-11-26,6.4819999999999005e-09
2019-11-25,6.467e-09
2019-11-22,6.483e-09
2019-11-21,6.499e-09
2019-11-20,6.380000000000001e-09
2019-11-19,6.2369999999999e-09
2019-11-18,6.2819999999998995e-09
2019-11-15,6.331999999999999e-09
2019-11-14,6.245999999999999e-09
2019-11-13,6.227e-09
2019-11-12,6.219e-09
2019-11-11,6.258e-09
2019-11-08,6.2e-09
2019-11-07,6.26e-09
2019-11-06,6.2109999999999e-09
2019-11-05,6.272e-09
2019-11-04,6.2519999999999995e-09
2019-11-01,6.017e-09
2019-10-31,5.9299999999999e-09
2019-10-30,6.022e-09
2019-10-29,6.104999999999898e-09
2019-10-28,6.039e-09
2019-10-25,6.206e-09
2019-10-24,6.1709999999999e-09
2019-10-23,6.052e-09
2019-10-22,6.05e-09
2019-10-21,5.895e-09
2019-10-18,5.996e-09
2019-10-17,5.935e-09
2019-10-16,5.9299999999999e-09
2019-10-15,5.919e-09
2019-10-14,5.8810000000000015e-09
2019-10-11,6.059e-09
2019-10-10,5.907999999999999e-09
2019-10-09,5.97e-09
2019-10-08,5.814000000000001e-09
2019-10-07,5.946e-09
2019-10-04,5.913e-09
2019-10-03,5.801000000000001e-09
2019-10-02,5.792e-09
2019-10-01,6.006e-09
2019-09-30,6.099e-09
2019-09-27,6.247999999999999e-09
2019-09-26,6.208000000000001e-09
2019-09-25,6.2409999999999994e-09
2019-09-24,6.412999999999899e-09
2019-09-23,6.465999999999899e-09
2019-09-20,6.523e-09
2019-09-19,6.4249999999999e-09
2019-09-18,6.428999999999999e-09
2019-09-17,6.559e-09
2019-09-16,6.841999999999999e-09
2019-09-13,6.1249999999999994e-09
2019-09-12,6.076e-09
2019-09-11,6.3019999999999e-09
2019-09-10,6.467e-09
2019-09-09,6.399e-09
2019-09-06,6.1279999999999995e-09
2019-09-05,6.270000000000001e-09
2019-09-04,6.068000000000001e-09
2019-09-03,5.793e-09
2019-09-02,5.855e-09
2019-08-30,6.1039999999999e-09
2019-08-29,6.059e-09
2019-08-28,6.042e-09
2019-08-27,5.844000000000001e-09
2019-08-26,5.864e-09
2019-08-23,5.864e-09
2019-08-22,5.981000000000001e-09
2019-08-21,6.0599999999999e-09
2019-08-20,5.903e-09
2019-08-19,5.979e-09
2019-08-16,5.9e-09
2019-08-15,5.737e-09
2019-08-14,5.7860000000000005e-09
2019-08-13,5.99e-09
2019-08-12,5.713e-09
2019-08-09,5.737e-09
2019-08-08,5.6289999999999e-09
2019-08-07,5.5030000000000005e-09
2019-08-06,5.863e-09
2019-08-05,5.932e-09
2019-08-02,6.1119999999998995e-09
2019-08-01,6.2899999999999996e-09
2019-07-31,6.4069999999999e-09
2019-07-30,6.2549999999999e-09
2019-07-29,6.229e-09
2019-07-26,6.245999999999999e-09
2019-07-25,6.3470000000000005e-09
2019-07-24,6.383e-09
2019-07-23,6.228000000000001e-09
2019-07-22,6.196e-09
2019-07-19,6.1039999999999e-09
2019-07-18,6.07e-09
2019-07-17,6.367000000000001e-09
2019-07-16,6.5870000000000005e-09
2019-07-15,6.686e-09
2019-07-12,6.664999999999999e-09
2019-07-11,6.764e-09
2019-07-10,6.6409999999999e-09
2019-07-09,6.43e-09
2019-07-08,6.488999999999999e-09
2019-07-05,6.423e-09
2019-07-04,6.361999999999999e-09
2019-07-03,6.353e-09
2019-07-02,6.272e-09
2019-07-01,6.509999999999901e-09
2019-06-28,6.7519999999999006e-09
2019-06-27,6.6779999999999995e-09
2019-06-26,6.685e-09
2019-06-25,6.624e-09
2019-06-24,6.515999999999901e-09
2019-06-21,6.598999999999901e-09
2019-06-20,6.5439999999999e-09
2019-06-19,6.285e-09
2019-06-18,6.335e-09
2019-06-17,6.256e-09
2019-06-14,6.313e-09
2019-06-13,6.328e-09
2019-06-12,6.166e-09
2019-06-11,6.355999999999999e-09
2019-06-10,6.4310000000000015e-09
2019-06-07,6.409999999999899e-09
2019-06-06,6.277e-09
2019-06-05,6.214e-09
2019-06-04,6.355999999999999e-09
2019-06-03,6.315999999999899e-09
2019-06-01,6.315999999999899e-09
2019-05-31,6.6779999999999995e-09
2019-05-30,6.954999999999999e-09
2019-05-29,7.064e-09
2019-05-28,7.019e-09
2019-05-27,6.797999999999999e-09
2019-05-24,6.797999999999999e-09
2019-05-23,6.837e-09
2019-05-22,7.1939999999999e-09
2019-05-21,7.2939999999999e-09
2019-05-20,7.3209999999999e-09
2019-05-17,7.3939999999999e-09
2019-05-16,7.47e-09
2019-05-15,7.3089999999999e-09
2019-05-14,7.253e-09
2019-05-13,7.2349999999999e-09
2019-05-10,7.1629999999999e-09
2019-05-09,7.0609999999999995e-09
2019-05-08,7.108999999999999e-09
2019-05-07,7.097999999999999e-09
2019-05-06,7.195000000000001e-09
2019-05-03,7.195000000000001e-09
2019-05-02,7.056e-09
2019-05-01,7.201e-09
2019-04-30,7.219e-09
2019-04-29,7.122e-09
2019-04-26,7.103e-09
2019-04-25,7.493999999999999e-09
2019-04-24,7.359e-09
2019-04-23,7.439e-09
2019-04-18,7.0709999999999e-09
2019-04-17,7.114e-09
2019-04-16,7.0739999999999e-09
2019-04-15,7.09e-09
2019-04-12,7.1569999999999e-09
2019-04-11,7.13e-09
2019-04-10,7.1629999999999e-09
2019-04-09,7.102e-09
2019-04-08,7.1119999999999994e-09
2019-04-05,6.993e-09
2019-04-04,6.979999999999899e-09
2019-04-03,6.9209999999999e-09
2019-04-02,6.967999999999999e-09
2019-04-01,6.907999999999999e-09
2019-03-29,6.793000000000001e-09
2019-03-28,6.6079999999999e-09
2019-03-27,6.735e-09
2019-03-26,6.751e-09
2019-03-25,6.737e-09
2019-03-22,6.629e-09
2019-03-21,6.8299999999999e-09
2019-03-20,6.834999999999999e-09
2019-03-19,6.713e-09
2019-03-18,6.664999999999999e-09
2019-03-15,6.611e-09
2019-03-14,6.617999999999999e-09
2019-03-13,6.589e-09
2019-03-12,6.533e-09
2019-03-11,6.505999999999999e-09
2019-03-08,6.565999999999999e-09
2019-03-07,6.4819999999999005e-09
2019-03-06,6.451000000000001e-09
2019-03-05,6.424e-09
2019-03-04,6.4440000000000005e-09
2019-03-01,6.371e-09
2019-02-28,6.503e-09
2019-02-27,6.554999999999999e-09
2019-02-26,6.451000000000001e-09
2019-02-25,6.402e-09
2019-02-22,6.6909999999999e-09
2019-02-21,6.6909999999999e-09
2019-02-20,6.6819999999999e-09
2019-02-19,6.585999999999999e-09
2019-02-18,6.6409999999999e-09
2019-02-16,6.5649999999999996e-09
2019-02-15,6.4e-09
2019-02-14,6.327e-09
2019-02-13,6.258e-09
2019-02-12,6.13e-09
2019-02-11,6.13e-09
2019-02-09,6.1370000000000015e-09
2019-02-08,6.1009999999999995e-09
2019-02-07,6.221999999999999e-09
2019-02-06,6.167e-09
2019-02-05,6.2259999999999005e-09
2019-02-04,6.2259999999999005e-09
2019-02-02,6.185999999999999e-09
2019-02-01,6.245999999999999e-09
2019-01-31,6.189e-09
2019-01-30,6.098000000000001e-09
2019-01-29,5.971000000000001e-09
2019-01-28,5.971000000000001e-09
2019-01-26,6.148999999999999e-09
2019-01-25,6.1089999999999995e-09
2019-01-24,6.104999999999898e-09
2019-01-23,6.09e-09
2019-01-22,6.217999999999999e-09
2019-01-21,6.217999999999999e-09
2019-01-19,6.2039999999998996e-09
2019-01-18,5.9849999999999995e-09
2019-01-17,5.981000000000001e-09
2019-01-16,5.865e-09
2019-01-15,5.88e-09
2019-01-14,5.88e-09
2019-01-12,5.9240000000000015e-09
2019-01-11,6.047e-09
2019-01-10,5.946e-09
2019-01-09,5.6909999999999e-09
2019-01-08,5.71e-09
2019-01-07,5.71e-09
2019-01-05,5.563999999999999e-09
2019-01-04,5.323e-09
2019-01-03,5.4059999999999e-09
2019-01-02,5.4059999999999e-09
2018-12-29,5.057e-09
2018-12-28,5.149e-09
2018-12-27,5.149e-09
2018-12-22,5.193e-09
2018-12-21,5.2839999999999995e-09
2018-12-20,5.5600000000000015e-09
2018-12-19,5.526e-09
2018-12-18,5.7590000000000005e-09
2018-12-17,5.7590000000000005e-09
2018-12-15,5.8560000000000005e-09
2018-12-14,5.903e-09
2018-12-13,5.9939999999999e-09
2018-12-12,5.972999999999901e-09
2018-12-11,6.029e-09
2018-12-10,6.029e-09
2018-12-08,6.1709999999999e-09
2018-12-07,5.783e-09
2018-12-06,6.14e-09
2018-12-05,6.122e-09
2018-12-04,6.017e-09
2018-12-03,6.017e-09
2018-12-01,5.771000000000001e-09
2018-11-30,5.829e-09
2018-11-29,5.7970000000000006e-09
2018-11-28,5.9579999999999995e-09
2018-11-27,5.97e-09
2018-11-26,5.97e-09
2018-11-24,5.7689999999999994e-09
2018-11-23,6.111000000000001e-09
2018-11-22,6.164999999999899e-09
2018-11-21,6.1500000000000005e-09
2018-11-20,6.4139999999999e-09
2018-11-19,6.4139999999999e-09
2018-11-17,6.529e-09
2018-11-16,6.561000000000001e-09
2018-11-15,6.4879999999999e-09
2018-11-14,6.544999999999999e-09
2018-11-13,6.980999999999999e-09
2018-11-12,6.980999999999999e-09
2018-11-10,6.901000000000001e-09
2018-11-09,6.929e-09
2018-11-08,7.0099999999999996e-09
2018-11-07,7.064e-09
2018-11-06,7.267999999999999e-09
2018-11-05,7.267999999999999e-09
2018-11-03,7.1109999999999e-09
2018-11-02,7.124999999999999e-09
2018-11-01,7.484000000000001e-09
2018-10-31,7.568e-09
2018-10-30,7.756e-09
2018-10-29,7.756e-09
2018-10-27,7.74e-09
2018-10-26,7.729999999999999e-09
2018-10-25,7.734e-09
2018-10-24,7.867e-09
2018-10-23,8.045e-09
2018-10-22,8.045e-09
2018-10-20,8.038e-09
2018-10-19,8.0299999999999e-09
2018-10-18,7.991e-09
2018-10-17,8.053e-09
2018-10-16,8.091e-09
2018-10-15,8.091e-09
2018-10-13,8.071e-09
2018-10-12,8.1349999999999e-09
2018-10-11,8.381999999999901e-09
2018-10-10,8.516e-09
2018-10-09,8.4219999999999e-09
2018-10-08,8.516e-09
2018-10-07,8.4219999999999e-09
2018-10-06,8.512e-09
2018-10-05,8.6069999999999e-09
2018-10-04,8.545e-09
2018-10-03,8.563e-09
2018-10-02,8.494e-09
2018-10-01,8.494e-09
2018-09-29,8.272e-09
2018-09-28,8.154e-09
2018-09-27,8.186999999999999e-09
2018-09-26,8.220999999999998e-09
2018-09-25,8.088999999999901e-09
2018-09-24,8.088999999999901e-09
2018-09-22,7.89e-09
2018-09-21,7.903000000000001e-09
2018-09-20,7.943e-09
2018-09-19,7.925e-09
2018-09-18,7.822e-09
2018-09-17,7.822e-09
2018-09-15,7.786999999999999e-09
2018-09-14,7.765999999999899e-09
2018-09-13,8.001999999999899e-09
2018-09-12,7.822e-09
2018-09-11,7.677e-09
2018-09-10,7.677e-09
2018-09-08,7.554999999999901e-09
2018-09-07,7.567e-09
2018-09-06,7.668e-09
2018-09-05,7.751e-09
2018-09-04,7.781e-09
2018-09-03,7.781e-09
2018-09-01,7.6939999999999e-09
2018-08-31,7.705e-09
2018-08-30,7.6069999999999e-09
2018-08-29,7.591e-09
2018-08-28,7.441e-09
2018-08-27,7.441e-09
2018-08-25,7.441e-09
2018-08-24,7.373e-09
2018-08-23,7.2959999999999e-09
2018-08-22,7.165000000000001e-09
2018-08-21,7.1109999999999e-09
2018-08-20,7.1109999999999e-09
2018-08-18,7.014000000000001e-09
2018-08-17,6.9209999999999e-09
2018-08-16,6.8379999999999005e-09
2018-08-15,7.077e-09
2018-08-14,7.062e-09
2018-08-13,7.062e-09
2018-08-11,7.0999999999999e-09
2018-08-10,7.054999999999999e-09
2018-08-09,7.0709999999999e-09
2018-08-08,7.230999999999998e-09
2018-08-07,7.251e-09
2018-08-06,7.251e-09
2018-08-04,7.247999999999999e-09
2018-08-03,7.294999999999999e-09
2018-08-02,7.228000000000001e-09
2018-08-01,7.415999999999901e-09
2018-07-31,7.498999999999899e-09
2018-07-30,7.498999999999899e-09
2018-07-28,7.484000000000001e-09
2018-07-27,7.451e-09
2018-07-26,7.367000000000001e-09
2018-07-25,7.353e-09
2018-07-24,7.344999999999999e-09
2018-07-23,7.344999999999999e-09
2018-07-21,7.199e-09
2018-07-20,7.1939999999999e-09
2018-07-19,7.051999999999901e-09
2018-07-18,7.0869999999999e-09
2018-07-17,7.103e-09
2018-07-16,7.103e-09
2018-07-14,7.411000000000001e-09
2018-07-13,7.2109999999999e-09
2018-07-12,7.5349999999999e-09
2018-07-11,7.78e-09
2018-07-10,7.708e-09
2018-07-09,7.708e-09
2018-07-07,7.498e-09
2018-07-06,7.709e-09
2018-07-05,7.6989999999999e-09
2018-07-04,7.587e-09
2018-07-03,7.6709999999999e-09
2018-07-02,7.6709999999999e-09
2018-06-30,7.744e-09
2018-06-29,7.626e-09
2018-06-28,7.609e-09
2018-06-27,7.358e-09
2018-06-26,7.281999999999899e-09
2018-06-25,7.281999999999899e-09
2018-06-23,7.367000000000001e-09
2018-06-22,7.287e-09
2018-06-21,7.424999999999998e-09
2018-06-20,7.4919999999999e-09
2018-06-19,7.487e-09
2018-06-18,7.487e-09
2018-06-16,7.2019999999999005e-09
2018-06-15,7.4769999999999e-09
2018-06-14,7.5069999999999e-09
2018-06-13,7.486e-09
2018-06-12,7.458000000000001e-09
2018-06-11,7.458000000000001e-09
2018-06-09,7.511e-09
2018-06-08,7.523e-09
2018-06-07,7.323e-09
2018-06-06,7.290999999999999e-09
2018-06-05,7.3409999999999e-09
2018-06-04,7.3409999999999e-09
2018-06-02,7.454e-09
2018-06-01,7.645e-09
2018-05-31,7.589000000000001e-09
2018-05-30,7.451e-09
2018-05-29,7.451e-09
2018-05-26,7.6599999999999e-09
2018-05-25,7.89e-09
2018-05-24,7.869e-09
2018-05-23,8.042e-09
2018-05-22,7.834000000000001e-09
2018-05-21,7.834000000000001e-09
2018-05-19,7.837999999999999e-09
2018-05-18,8.009e-09
2018-05-17,7.819e-09
2018-05-16,7.894e-09
2018-05-15,7.817e-09
2018-05-14,7.817e-09
2018-05-12,7.737e-09
2018-05-11,7.759e-09
2018-05-10,7.7599999999999e-09
2018-05-09,7.415999999999901e-09
2018-05-08,7.475e-09
2018-05-07,7.475e-09
2018-05-05,7.475e-09
2018-05-04,7.344999999999999e-09
2018-05-03,7.314000000000001e-09
2018-05-02,7.4849999999999e-09
2018-05-01,7.592e-09
2018-04-30,7.592e-09
2018-04-28,7.532999999999999e-09
2018-04-27,7.539e-09
2018-04-26,7.378999999999998e-09
2018-04-25,7.5859999999999e-09
2018-04-24,7.454e-09
2018-04-23,7.454e-09
2018-04-21,7.462000000000001e-09
2018-04-20,7.4849999999999e-09
2018-04-19,7.373e-09
2018-04-18,7.1709999999999e-09
2018-04-17,7.204999999999999e-09
2018-04-16,7.204999999999999e-09
2018-04-14,7.317999999999999e-09
2018-04-13,7.1439999999999e-09
2018-04-12,7.2739999999999e-09
2018-04-11,7.067e-09
2018-04-10,6.8189999999999e-09
2018-04-09,6.8189999999999e-09
2018-04-07,6.651e-09
2018-04-06,6.654e-09
2018-04-05,6.604e-09
2018-04-04,6.901999999999901e-09
2018-04-03,6.901999999999901e-09
2018-03-30,6.901999999999901e-09
2018-03-29,6.8129999999999e-09
2018-03-28,6.862999999999901e-09
2018-03-27,6.8810000000000005e-09
2018-03-26,6.8810000000000005e-09
2018-03-24,6.9030000000000015e-09
2018-03-23,6.897999999999999e-09
2018-03-22,6.815000000000001e-09
2018-03-21,6.6e-09
2018-03-20,6.4819999999999005e-09
2018-03-19,6.4819999999999005e-09
2018-03-17,6.4679999999999996e-09
2018-03-16,6.367000000000001e-09
2018-03-15,6.361000000000001e-09
2018-03-14,6.4200000000000006e-09
2018-03-13,6.4529999999999015e-09
2018-03-12,6.4529999999999015e-09
2018-03-10,6.5189999999999995e-09
2018-03-09,6.3869999999998995e-09
2018-03-08,6.509e-09
2018-03-07,6.567e-09
2018-03-06,6.577999999999999e-09
2018-03-05,6.577999999999999e-09
2018-03-03,6.426e-09
2018-03-02,6.423e-09
2018-03-01,6.6079999999999e-09
2018-02-28,6.759e-09
2018-02-27,6.795999999999999e-09
2018-02-26,6.795999999999999e-09
2018-02-24,6.704e-09
2018-02-23,6.612e-09
2018-02-22,6.481e-09
2018-02-21,6.4679999999999996e-09
2018-02-20,6.494999999999999e-09
2018-02-19,6.494999999999999e-09
2018-02-18,6.43e-09
2018-02-17,6.286e-09
2018-02-16,6.229e-09
2018-02-15,6.193999999999999e-09
2018-02-14,6.22e-09
2018-02-13,6.193999999999999e-09
2018-02-12,6.22e-09
2018-02-11,6.303999999999999e-09
2018-02-10,6.426e-09
2018-02-09,6.5740000000000015e-09
2018-02-08,6.674999999999899e-09
2018-02-07,6.768999999999999e-09
2018-02-06,6.674999999999899e-09
2018-02-05,6.768999999999999e-09
2018-02-04,6.744999999999999e-09
2018-02-03,6.86e-09
2018-02-02,6.7779999999999e-09
2018-02-01,6.7779999999999e-09
2018-01-31,6.8409999999999e-09
2018-01-30,6.7779999999999e-09
2018-01-29,6.8409999999999e-09
2018-01-28,7.0079999999999005e-09
2018-01-27,7.1080000000000015e-09
2018-01-26,6.991e-09
2018-01-25,6.980999999999999e-09
2018-01-24,6.9319999999999e-09
2018-01-23,6.980999999999999e-09
2018-01-22,6.9319999999999e-09
2018-01-21,6.856e-09
2018-01-20,6.948000000000001e-09
2018-01-19,6.918999999999999e-09
2018-01-18,6.94e-09
2018-01-17,7.031e-09
2018-01-16,6.94e-09
2018-01-15,7.031e-09
2018-01-14,6.9639999999999995e-09
2018-01-13,7.035999999999999e-09
2018-01-12,6.978999999999999e-09
2018-01-11,6.907999999999999e-09
2018-01-10,6.8479999999999995e-09
2018-01-09,6.907999999999999e-09
2018-01-08,6.8479999999999995e-09
2018-01-07,6.800999999999999e-09
2018-01-06,6.873e-09
2018-01-05,6.784999999999999e-09
2018-01-04,6.664999999999999e-09
2018-01-03,6.664999999999999e-09
2018-01-02,6.664999999999999e-09
2018-01-01,6.664999999999999e-09
2017-12-31,6.673e-09
2017-12-30,6.679999999999901e-09
2017-12-29,6.6030000000000005e-09
2017-12-28,6.460999999999999e-09
2017-12-27,6.6030000000000005e-09
2017-12-26,6.460999999999999e-09
2017-12-24,6.460999999999999e-09
2017-12-23,6.464000000000001e-09
2017-12-22,6.443e-09
2017-12-21,6.369e-09
2017-12-20,6.445e-09
2017-12-19,6.369e-09
2017-12-18,6.445e-09
2017-12-17,6.380999999999999e-09
2017-12-16,6.372e-09
2017-12-15,6.365999999999901e-09
2017-12-14,6.495999999999899e-09
2017-12-13,6.5619999999999995e-09
2017-12-12,6.495999999999899e-09
2017-12-11,6.5619999999999995e-09
2017-12-10,6.385999999999899e-09
2017-12-09,6.2369999999999e-09
2017-12-08,6.2249999999999995e-09
2017-12-07,6.345e-09
2017-12-06,6.345e-09
2017-12-05,6.345e-09
2017-12-04,6.345e-09
2017-12-03,6.456999999999899e-09
2017-12-02,6.353e-09
2017-12-01,6.3739999999999e-09
2017-11-30,6.355999999999999e-09
2017-11-29,6.324999999999999e-09
2017-11-28,6.355999999999999e-09
2017-11-27,6.324999999999999e-09
2017-11-26,6.358e-09
2017-11-25,6.327e-09
2017-11-24,6.292e-09
2017-11-23,6.228000000000001e-09
2017-11-22,6.133999999999999e-09
2017-11-21,6.228000000000001e-09
2017-11-20,6.133999999999999e-09
2017-11-19,6.133999999999999e-09
2017-11-18,6.1180000000000014e-09
2017-11-17,6.1249999999999994e-09
2017-11-16,6.0910000000000006e-09
2017-11-15,6.2939999999999e-09
2017-11-14,6.0910000000000006e-09
2017-11-13,6.2939999999999e-09
2017-11-12,6.434999999999999e-09
2017-11-11,6.4489999999999e-09
2017-11-10,6.3960000000000015e-09
2017-11-09,6.436e-09
2017-11-08,6.4269999999999e-09
2017-11-07,6.436e-09
2017-11-06,6.4269999999999e-09
2017-11-05,6.1420000000000005e-09
2017-11-04,6.079e-09
2017-11-03,6.098000000000001e-09
2017-11-02,6.135e-09
2017-11-01,6.064999999999999e-09
2017-10-31,6.135e-09
2017-10-30,6.064999999999999e-09
2017-10-29,6.015000000000001e-09
2017-10-28,5.875e-09
2017-10-27,5.845e-09
2017-10-26,5.784000000000001e-09
2017-10-25,5.7689999999999994e-09
2017-10-24,5.784000000000001e-09
2017-10-23,5.7689999999999994e-09
2017-10-22,5.7890000000000006e-09
2017-10-21,5.782e-09
2017-10-20,5.805e-09
2017-10-19,5.763e-09
2017-10-18,5.749e-09
2017-10-17,5.763e-09
2017-10-16,5.749e-09
2017-10-15,5.686e-09
2017-10-14,5.613e-09
2017-10-13,5.613e-09
2017-10-12,5.6619999999999004e-09
2017-10-11,5.528999999999901e-09
2017-10-10,5.6619999999999004e-09
2017-10-09,5.528999999999901e-09
2017-10-08,5.55e-09
2017-10-07,5.709e-09
2017-10-06,5.6000000000000005e-09
2017-10-05,5.611999999999901e-09
2017-10-04,5.567e-09
2017-10-03,5.611999999999901e-09
2017-10-02,5.567e-09
2017-10-01,5.7019999999999995e-09
2017-09-30,5.88e-09
2017-09-29,5.874e-09
2017-09-28,5.977e-09
2017-09-27,5.9419999999999995e-09
2017-09-26,5.977e-09
2017-09-25,5.9419999999999995e-09
2017-09-24,5.816e-09
2017-09-23,5.7729999999999e-09
2017-09-22,5.72e-09
2017-09-21,5.657999999999999e-09
2017-09-20,5.55e-09
2017-09-19,5.657999999999999e-09
2017-09-18,5.55e-09
2017-09-17,5.6179999999999994e-09
2017-09-16,5.676e-09
2017-09-15,5.552e-09
2017-09-14,5.506e-09
2017-09-13,5.420000000000001e-09
2017-09-12,5.506e-09
2017-09-11,5.420000000000001e-09
2017-09-10,5.455e-09
2017-09-09,5.416e-09
2017-09-08,5.447999999999999e-09
2017-09-07,5.363e-09
2017-09-06,5.26e-09
2017-09-05,5.363e-09
2017-09-04,5.26e-09
2017-09-03,5.314999999999901e-09
2017-09-02,5.2689999999999015e-09
2017-09-01,5.191e-09
2017-08-31,5.1639999999999e-09
2017-08-30,5.187e-09
2017-08-29,5.1639999999999e-09
2017-08-28,5.187e-09
2017-08-27,5.187e-09
2017-08-26,5.173e-09
2017-08-25,5.231e-09
2017-08-24,5.229e-09
2017-08-23,5.194000000000001e-09
2017-08-22,5.229e-09
2017-08-21,5.194000000000001e-09
2017-08-20,5.096e-09
2017-08-19,5.0369999999999e-09
2017-08-18,5.039e-09
2017-08-17,4.989999999999999e-09
2017-08-16,5.129e-09
2017-08-15,4.989999999999999e-09
2017-08-14,5.129e-09
2017-08-13,5.146999999999999e-09
2017-08-12,5.259e-09
2017-08-11,5.215999999999901e-09
2017-08-10,5.218e-09
2017-08-09,5.142e-09
2017-08-08,5.218e-09
2017-08-07,5.142e-09
2017-08-06,5.2479999999999e-09
2017-08-05,5.288e-09
2017-08-04,5.209e-09
2017-08-03,5.076999999999999e-09
2017-08-02,5.199e-09
2017-08-01,5.076999999999999e-09
2017-07-31,5.199e-09
2017-07-30,5.2e-09
2017-07-29,5.067000000000001e-09
2017-07-28,5.008e-09
2017-07-27,4.919e-09
2017-07-26,4.781e-09
2017-07-25,4.919e-09
2017-07-24,4.781e-09
2017-07-23,4.747000000000001e-09
2017-07-22,4.854000000000001e-09
2017-07-21,4.834e-09
2017-07-20,4.792e-09
2017-07-19,4.7659999999999e-09
2017-07-18,4.792e-09
2017-07-17,4.7659999999999e-09
2017-07-16,4.789e-09
2017-07-15,4.765e-09
2017-07-14,4.673e-09
2017-07-13,4.668e-09
2017-07-12,4.657000000000001e-09
2017-07-11,4.668e-09
2017-07-10,4.657000000000001e-09
2017-07-09,4.647e-09
2017-07-08,4.853e-09
2017-07-07,4.758e-09
2017-07-06,4.915e-09
2017-07-05,4.913e-09
2017-07-04,4.915e-09
2017-07-03,4.913e-09
2017-07-02,4.708e-09
2017-07-01,4.7020000000000005e-09
2017-06-30,4.645e-09
2017-06-29,4.617000000000001e-09
2017-06-28,4.409e-09
2017-06-27,4.617000000000001e-09
2017-06-26,4.409e-09
2017-06-25,4.414e-09
2017-06-24,4.446000000000001e-09
2017-06-23,4.4620000000000005e-09
2017-06-22,4.3979999999999e-09
2017-06-21,4.593e-09
2017-06-20,4.3979999999999e-09
2017-06-19,4.593e-09
2017-06-18,4.57e-09
2017-06-17,4.561e-09
2017-06-16,4.547e-09
2017-06-15,4.6949999999999e-09
2017-06-14,4.718e-09
2017-06-13,4.6949999999999e-09
2017-06-12,4.718e-09
2017-06-11,4.664e-09
2017-06-10,4.6299999999999e-09
2017-06-09,4.708e-09
2017-06-08,4.8109999999999e-09
2017-06-07,4.8249999999999e-09
2017-06-06,4.8109999999999e-09
2017-06-05,4.8249999999999e-09
2017-06-04,4.846e-09
2017-06-03,5.0409999999999994e-09
2017-06-02,4.940000000000001e-09
2017-06-01,5.0649999999999e-09
2017-05-31,5.2250000000000005e-09
2017-05-30,5.0649999999999e-09
2017-05-29,5.2250000000000005e-09
2017-05-28,5.083999999999999e-09
2017-05-27,5.2250000000000005e-09
2017-05-26,5.329e-09
2017-05-25,5.3189999999999e-09
2017-05-24,5.3349999999999e-09
2017-05-23,5.3189999999999e-09
2017-05-22,5.3349999999999e-09
2017-05-21,5.277999999999999e-09
2017-05-20,5.171000000000001e-09
2017-05-19,5.175999999999901e-09
2017-05-18,5.121e-09
2017-05-17,5.129e-09
2017-05-16,5.121e-09
2017-05-15,5.129e-09
2017-05-14,4.9079999999999e-09
2017-05-13,4.917999999999999e-09
2017-05-12,4.809e-09
2017-05-11,4.706e-09
2017-05-10,4.661e-09
2017-05-09,4.706e-09
2017-05-08,4.661e-09
2017-05-07,4.7450000000000005e-09
2017-05-06,4.753e-09
2017-05-05,4.8819999999999995e-09
2017-05-04,4.931e-09
2017-05-03,5.0409999999999994e-09
2017-05-02,4.931e-09
2017-05-01,5.0409999999999994e-09
2017-04-30,4.946e-09
2017-04-29,4.946e-09
2017-04-28,4.999e-09
2017-04-27,4.9369999999999e-09
2017-04-26,4.945e-09
2017-04-25,4.9369999999999e-09
2017-04-24,4.945e-09
2017-04-23,4.993e-09
2017-04-22,5.0659999999998996e-09
2017-04-21,5.243000000000001e-09
2017-04-20,5.26e-09
2017-04-19,5.4789999999999005e-09
2017-04-18,5.26e-09
2017-04-17,5.4789999999999005e-09
2017-04-15,5.475e-09
2017-04-14,5.475e-09
2017-04-13,5.473e-09
2017-04-12,5.4789999999999005e-09
2017-04-11,5.473e-09
2017-04-10,5.4789999999999005e-09
2017-04-09,5.4239999999999995e-09
2017-04-08,5.3619999999999995e-09
2017-04-07,5.341000000000001e-09
2017-04-06,5.3079999999999e-09
2017-04-05,5.2039999999999e-09
2017-04-04,5.3079999999999e-09
2017-04-03,5.2039999999999e-09
2017-04-02,5.2200000000000006e-09
2017-04-01,5.2250000000000005e-09
2017-03-31,5.1359999999998995e-09
2017-03-30,5.072e-09
2017-03-29,5.012e-09
2017-03-28,5.072e-09
2017-03-27,5.012e-09
2017-03-26,4.996999999999999e-09
2017-03-25,5.017e-09
2017-03-24,4.9559999999999e-09
2017-03-23,5.0139999999999e-09
2017-03-22,5.067000000000001e-09
2017-03-21,5.0139999999999e-09
2017-03-20,5.067000000000001e-09
2017-03-19,5.058e-09
2017-03-18,5.056e-09
2017-03-17,5.063e-09
2017-03-16,4.96e-09
2017-03-15,5.01e-09
2017-03-14,4.96e-09
2017-03-13,5.01e-09
2017-03-12,5.063e-09
2017-03-11,5.0649999999999e-09
2017-03-10,5.3299999999998995e-09
2017-03-09,5.461000000000001e-09
2017-03-08,5.473e-09
2017-03-07,5.461000000000001e-09
2017-03-06,5.473e-09
2017-03-05,5.412e-09
2017-03-04,5.416e-09
2017-03-03,5.572e-09
2017-03-02,5.336e-09
2017-03-01,5.465e-09
2017-02-28,5.336e-09
2017-02-27,5.465e-09
2017-02-26,5.468999999999901e-09
2017-02-25,5.582e-09
2017-02-24,5.4899999999999e-09
2017-02-23,5.633999999999999e-09
2017-02-22,5.5249999999999e-09
2017-02-21,5.633999999999999e-09
2017-02-20,5.447999999999999e-09
2017-02-19,5.416e-09
2017-02-18,5.4570000000000005e-09
2017-02-17,5.496e-09
2017-02-16,5.415e-09
2017-02-15,5.4570000000000005e-09
2017-02-14,5.496e-09
2017-02-13,5.52e-09
2017-02-12,5.3979999999999005e-09
2017-02-11,5.442e-09
2017-02-10,5.379e-09
2017-02-09,5.501999999999999e-09
2017-02-08,5.442e-09
2017-02-07,5.379e-09
2017-02-06,5.592e-09
2017-02-05,5.594e-09
2017-02-04,5.579e-09
2017-02-03,5.5249999999999e-09
2017-02-02,5.477e-09
2017-02-01,5.579e-09
2017-01-31,5.5249999999999e-09
2017-01-30,5.48e-09
2017-01-29,5.5889999999999e-09
2017-01-28,5.433999999999999e-09
2017-01-27,5.47e-09
2017-01-26,5.48e-09
2017-01-25,5.433999999999999e-09
2017-01-24,5.47e-09
2017-01-23,5.504000000000001e-09
2017-01-22,5.318e-09
2017-01-21,5.377000000000001e-09
2017-01-20,5.468e-09
2017-01-19,5.4299999999998996e-09
2017-01-18,5.377000000000001e-09
2017-01-17,5.468e-09
2017-01-16,5.437e-09
2017-01-15,5.4509999999999995e-09
2017-01-14,5.360999999999999e-09
2017-01-13,5.32e-09
2017-01-12,5.439e-09
2017-01-11,5.360999999999999e-09
2017-01-10,5.32e-09
2017-01-09,5.5899999999999e-09
2017-01-08,5.499e-09
2017-01-07,5.4570000000000005e-09
2017-01-06,5.5049999999999e-09
2017-01-05,5.499e-09
2017-01-04,5.4570000000000005e-09
2017-01-03,5.5049999999999e-09
2017-01-02,5.496e-09
2017-01-01,5.495e-09
2016-12-31,5.393e-09
2016-12-30,5.393e-09
2016-12-29,5.495e-09
2016-12-28,5.393e-09
2016-12-27,5.393e-09
2016-12-26,5.393e-09
2016-12-25,5.403999999999999e-09
2016-12-24,5.301e-09
2016-12-23,5.456e-09
2016-12-22,5.353e-09
2016-12-21,5.301e-09
2016-12-20,5.456e-09
2016-12-19,5.415e-09
2016-12-18,5.1719999999999015e-09
2016-12-17,5.314999999999901e-09
2016-12-16,5.328e-09
2016-12-15,5.399e-09
2016-12-14,5.314999999999901e-09
2016-12-13,5.328e-09
2016-12-12,5.219e-09
2016-12-11,5.16e-09
2016-12-10,5.1900000000000005e-09
2016-12-09,5.231e-09
2016-12-08,5.3299999999998995e-09
2016-12-07,5.1900000000000005e-09
2016-12-06,5.231e-09
2016-12-05,5.234999999999999e-09
2016-12-04,5.228e-09
2016-12-03,4.795e-09
2016-12-02,4.468e-09
2016-12-01,4.664e-09
2016-11-30,4.795e-09
2016-11-29,4.468e-09
2016-11-28,4.6320000000000005e-09
2016-11-27,4.7539999999999e-09
2016-11-26,4.654e-09
2016-11-25,4.61e-09
2016-11-24,4.596e-09
2016-11-23,4.654e-09
2016-11-22,4.61e-09
2016-11-21,4.4409999999999e-09
2016-11-20,4.4570000000000015e-09
2016-11-19,4.5069999999999994e-09
2016-11-18,4.415e-09
2016-11-17,4.183e-09
2016-11-16,4.5069999999999994e-09
2016-11-15,4.415e-09
2016-11-14,4.1609999999999e-09
2016-11-13,4.366999999999899e-09
2016-11-12,4.388000000000001e-09
2016-11-11,4.347000000000001e-09
2016-11-10,4.2829999999999e-09
2016-11-09,4.388000000000001e-09
2016-11-08,4.347000000000001e-09
2016-11-07,4.3060000000000015e-09
2016-11-06,4.384e-09
2016-11-05,4.426e-09
2016-11-04,4.576999999999999e-09
2016-11-03,4.62e-09
2016-11-02,4.426e-09
2016-11-01,4.576999999999999e-09
2016-10-31,4.778e-09
2016-10-30,4.913e-09
2016-10-29,4.8979999999999e-09
2016-10-28,4.9079999999999e-09
2016-10-27,4.979999999999999e-09
2016-10-26,4.8979999999999e-09
2016-10-25,4.9079999999999e-09
2016-10-24,5.028e-09
2016-10-23,5.042e-09
2016-10-22,5.1849999999999e-09
2016-10-21,4.980999999999999e-09
2016-10-20,4.931e-09
2016-10-19,5.1849999999999e-09
2016-10-18,4.980999999999999e-09
2016-10-17,4.8869999999999e-09
2016-10-16,4.929e-09
2016-10-15,4.9530000000000006e-09
2016-10-14,5.047999999999901e-09
2016-10-13,5.153999999999999e-09
2016-10-12,4.9530000000000006e-09
2016-10-11,5.047999999999901e-09
2016-10-10,5.049e-09
2016-10-09,5.0139999999999e-09
2016-10-08,4.956999999999999e-09
2016-10-07,4.881e-09
2016-10-06,4.861e-09
2016-10-05,4.956999999999999e-09
2016-10-04,4.881e-09
2016-10-03,4.824000000000001e-09
2016-10-02,4.843000000000001e-09
2016-10-01,4.549e-09
2016-09-30,4.495e-09
2016-09-29,4.661e-09
2016-09-28,4.549e-09
2016-09-27,4.495e-09
2016-09-26,4.671e-09
2016-09-25,4.7210000000000006e-09
2016-09-24,4.5989999999999995e-09
2016-09-23,4.524e-09
2016-09-22,4.603999999999999e-09
2016-09-21,4.5989999999999995e-09
2016-09-20,4.524e-09
2016-09-19,4.526e-09
2016-09-18,4.583e-09
2016-09-17,4.564999999999901e-09
2016-09-16,4.6480000000000005e-09
2016-09-15,4.782e-09
2016-09-14,4.564999999999901e-09
2016-09-13,4.782e-09
2016-09-12,4.8369999999999005e-09
2016-09-11,4.9229999999998996e-09
2016-09-10,4.6999999999999e-09
2016-09-09,4.621e-09
2016-09-08,4.672e-09
2016-09-07,4.6999999999999e-09
2016-09-06,4.621e-09
2016-09-05,4.596e-09
2016-09-04,4.5049999999999e-09
2016-09-03,4.794e-09
2016-09-02,4.794e-09
2016-09-01,4.966e-09
2016-08-31,4.794e-09
2016-08-30,4.794e-09
2016-08-29,4.966e-09
2016-08-28,4.9249999999999994e-09
2016-08-27,4.756e-09
2016-08-26,4.870000000000001e-09
2016-08-25,4.809999999999999e-09
2016-08-24,4.756e-09
2016-08-23,4.870000000000001e-09
2016-08-22,4.939e-09
2016-08-21,4.946e-09
2016-08-20,4.858e-09
2016-08-19,4.826999999999999e-09
2016-08-18,4.731e-09
2016-08-17,4.858e-09
2016-08-16,4.826999999999999e-09
2016-08-15,4.5119999999999e-09
2016-08-14,4.4229999999999e-09
2016-08-13,4.219e-09
2016-08-12,4.337e-09
2016-08-11,4.3239999999999995e-09
2016-08-10,4.219e-09
2016-08-09,4.337e-09
2016-08-08,4.2469999999999015e-09
2016-08-07,4.1330000000000005e-09
2016-08-06,4.045e-09
2016-08-05,4e-09
2016-08-04,4.017000000000001e-09
2016-08-03,4.045e-09
2016-08-02,4e-09
2016-08-01,4.0759999999999e-09
2016-07-31,4.1869999999999004e-09
2016-07-30,4.278e-09
2016-07-29,4.356e-09
2016-07-28,4.376e-09
2016-07-27,4.278e-09
2016-07-26,4.356e-09
2016-07-25,4.424e-09
2016-07-24,4.499e-09
2016-07-23,4.582e-09
2016-07-22,4.57e-09
2016-07-21,4.535e-09
2016-07-20,4.582e-09
2016-07-19,4.57e-09
2016-07-18,4.625e-09
2016-07-17,4.600999999999901e-09
2016-07-16,4.4669999999999996e-09
2016-07-15,4.672e-09
2016-07-14,4.404e-09
2016-07-13,4.4669999999999996e-09
2016-07-12,4.672e-09
2016-07-11,4.4529999999999e-09
2016-07-10,4.593e-09
2016-07-09,4.57e-09
2016-07-08,4.5639999999999e-09
2016-07-07,4.802e-09
2016-07-06,4.57e-09
2016-07-05,4.5639999999999e-09
2016-07-04,4.765e-09
2016-07-03,4.805e-09
2016-07-02,4.839999999999999e-09
2016-07-01,4.628999999999901e-09
2016-06-30,4.5069999999999994e-09
2016-06-29,4.839999999999999e-09
2016-06-28,4.628999999999901e-09
2016-06-27,4.6689999999999e-09
2016-06-26,4.863e-09
2016-06-25,4.843000000000001e-09
2016-06-24,4.818e-09
2016-06-23,4.868e-09
2016-06-22,4.843000000000001e-09
2016-06-21,4.818e-09
2016-06-20,4.657000000000001e-09
2016-06-19,4.5659999999999e-09
2016-06-18,4.747000000000001e-09
2016-06-17,4.788e-09
2016-06-16,4.935999999999899e-09
2016-06-15,4.747000000000001e-09
2016-06-14,4.788e-09
2016-06-13,4.909e-09
2016-06-12,5.0519999999999995e-09
2016-06-11,5.1230000000000014e-09
2016-06-10,5.0369999999999e-09
2016-06-09,4.9709999999999995e-09
2016-06-08,5.1230000000000014e-09
2016-06-07,5.0369999999999e-09
2016-06-06,4.894000000000001e-09
2016-06-05,4.85e-09
2016-06-04,4.905e-09
2016-06-03,4.881e-09
2016-06-02,4.926e-09
2016-06-01,4.905e-09
2016-05-31,4.881e-09
2016-05-30,4.909e-09
2016-05-29,4.952e-09
2016-05-28,4.8869999999999e-09
2016-05-27,4.842e-09
2016-05-26,4.777e-09
2016-05-25,4.8869999999999e-09
2016-05-24,4.842e-09
2016-05-23,4.854000000000001e-09
2016-05-22,4.7009999999999e-09
2016-05-21,4.893e-09
2016-05-20,4.8709999999999e-09
2016-05-19,4.849e-09
2016-05-18,4.893e-09
2016-05-17,4.8709999999999e-09
2016-05-16,4.705e-09
2016-05-15,4.6429999999999e-09
2016-05-14,4.608e-09
2016-05-13,4.4009999999999e-09
2016-05-12,4.243000000000001e-09
2016-05-11,4.608e-09
2016-05-10,4.4009999999999e-09
2016-05-09,4.460000000000001e-09
2016-05-08,4.439e-09
2016-05-07,4.3079999999999e-09
2016-05-06,4.309e-09
2016-05-05,4.582e-09
2016-05-04,4.3079999999999e-09
2016-05-03,4.309e-09
2016-05-02,4.5639999999999e-09
2016-05-01,4.560000000000001e-09
2016-04-30,4.417e-09
2016-04-29,4.3939999999999e-09
2016-04-28,4.296999999999899e-09
2016-04-27,4.417e-09
2016-04-26,4.167e-09
2016-04-25,4.397e-09
2016-04-24,4.347999999999899e-09
2016-04-23,4.309e-09
2016-04-22,4.302e-09
2016-04-21,4.164e-09
2016-04-20,4.309e-09
2016-04-19,4.302e-09
2016-04-18,4.132e-09
2016-04-17,4.302e-09
2016-04-16,4.281e-09
2016-04-15,4.302e-09
2016-04-14,4.158000000000001e-09
2016-04-13,4.281e-09
2016-04-12,4.302e-09
2016-04-11,4.0710000000000005e-09
2016-04-10,3.715e-09
2016-04-09,3.777e-09
2016-04-08,3.588e-09
2016-04-07,3.6049999999999e-09
2016-04-06,3.777e-09
2016-04-05,3.588e-09
2016-04-04,3.642e-09
2016-04-03,3.675e-09
2016-04-02,3.675e-09
2016-04-01,3.675e-09
2016-03-31,3.8329999999999e-09
2016-03-30,3.675e-09
2016-03-29,3.675e-09
2016-03-28,3.8329999999999e-09
2016-03-27,3.8329999999999e-09
2016-03-26,3.884e-09
2016-03-25,4.0539999999999e-09
2016-03-24,3.9909999999999e-09
2016-03-23,3.884e-09
2016-03-22,4.0539999999999e-09
2016-03-21,3.926e-09
2016-03-20,3.9289999999999e-09
2016-03-19,3.838e-09
2016-03-18,3.749e-09
2016-03-17,3.806e-09
2016-03-16,3.838e-09
2016-03-15,3.749e-09
2016-03-14,3.9409999999999e-09
2016-03-13,3.8629999999999e-09
2016-03-12,4.0259999999999e-09
2016-03-11,3.9159999999999e-09
2016-03-10,3.902000000000001e-09
2016-03-09,4.0259999999999e-09
2016-03-08,3.902000000000001e-09
2016-03-07,3.761e-09
2016-03-06,3.575e-09
2016-03-05,3.638e-09
2016-03-04,3.5729999999999e-09
2016-03-03,3.592e-09
2016-03-02,3.638e-09
2016-03-01,3.5729999999999e-09
2016-02-29,3.5759999999999e-09
2016-02-28,3.283e-09
2016-02-27,3.15e-09
2016-02-26,3.19e-09
2016-02-25,3.3589999999998996e-09
2016-02-24,3.3589999999998996e-09
2016-02-23,3.166e-09
2016-02-22,3.32e-09
2016-02-21,3.321e-09
2016-02-20,3.109e-09
2016-02-19,3.166e-09
2016-02-18,3.32e-09
2016-02-17,3.321e-09
2016-02-16,3.18e-09
2016-02-15,2.882e-09
2016-02-14,2.964000000000001e-09
2016-02-13,3.015e-09
2016-02-12,3.164e-09
2016-02-11,2.882e-09
2016-02-10,2.964000000000001e-09
2016-02-09,3.235e-09
2016-02-08,3.276e-09
2016-02-07,3.2379999999999e-09
2016-02-06,3.098e-09
2016-02-05,3.2450000000000007e-09
2016-02-04,3.276e-09
2016-02-03,3.2379999999999e-09
2016-02-02,3.3139999999999003e-09
2016-02-01,3.301e-09
2016-01-31,3.182999999999901e-09
2016-01-30,3.094e-09
2016-01-29,2.982e-09
2016-01-28,3.301e-09
2016-01-27,3.182999999999901e-09
2016-01-26,3.0459999999999e-09
2016-01-25,2.7589999999999e-09
2016-01-24,2.601e-09
2016-01-23,2.736e-09
2016-01-22,2.736e-09
2016-01-21,2.7589999999999e-09
2016-01-20,2.601e-09
2016-01-19,2.8799999999999e-09
2016-01-18,2.884e-09
2016-01-17,2.8580000000000007e-09
2016-01-16,2.9139999999999997e-09
2016-01-15,3.014000000000001e-09
2016-01-14,2.884e-09
2016-01-13,2.8580000000000007e-09
2016-01-12,3.1669999999999e-09
2016-01-11,3.3570000000000003e-09
2016-01-10,3.3889999999999e-09
2016-01-09,3.5559999999999997e-09
2016-01-08,3.628e-09
2016-01-07,3.3570000000000003e-09
2016-01-06,3.3889999999999e-09
2016-01-05,3.5559999999999997e-09
2016-01-04,3.6609999999999004e-09
2016-01-03,3.565e-09
2016-01-02,3.685e-09
2016-01-01,3.7079999999999e-09
2015-12-31,3.6609999999999004e-09
2015-12-30,3.565e-09
2015-12-29,3.685e-09
2015-12-28,3.721999999999901e-09
2015-12-27,3.579e-09
2015-12-26,3.5259999999999e-09
2015-12-25,3.5339999999999996e-09
2015-12-24,3.721999999999901e-09
2015-12-23,3.579e-09
2015-12-22,3.6759999999999997e-09
2015-12-21,3.629e-09
2015-12-20,3.6959999999999004e-09
2015-12-19,3.766e-09
2015-12-18,3.6509999999999e-09
2015-12-17,3.629e-09
2015-12-16,3.6959999999999004e-09
2015-12-15,3.699000000000001e-09
2015-12-14,3.865e-09
2015-12-13,3.903999999999901e-09
2015-12-12,3.944e-09
2015-12-11,3.9689999999999e-09
2015-12-10,3.865e-09
2015-12-09,3.903999999999901e-09
2015-12-08,4.144e-09
2015-12-07,4.2e-09
2015-12-06,4.192000000000001e-09
2015-12-05,4.296999999999899e-09
2015-12-04,4.3729999999999004e-09
2015-12-03,4.2e-09
2015-12-02,4.192000000000001e-09
2015-12-01,4.307e-09
2015-11-30,4.355e-09
2015-11-29,4.356e-09
2015-11-28,4.438e-09
2015-11-27,4.37e-09
2015-11-26,4.355e-09
2015-11-25,4.356e-09
2015-11-24,4.249e-09
2015-11-23,4.2219999999999004e-09
2015-11-22,4.1449999999999e-09
2015-11-21,4.128e-09
2015-11-20,4.028e-09
2015-11-19,4.2219999999999004e-09
2015-11-18,4.1449999999999e-09
2015-11-17,4.1979999999999e-09
2015-11-16,4.4979999999999e-09
2015-11-15,4.4979999999999e-09
2015-11-14,4.644e-09
2015-11-13,4.5379999999999e-09
2015-11-12,4.4979999999999e-09
2015-11-11,4.4979999999999e-09
2015-11-10,4.6089999999999e-09
2015-11-09,4.719e-09
2015-11-08,4.696e-09
2015-11-07,4.800000000000001e-09
2015-11-06,4.790999999999901e-09
2015-11-05,4.719e-09
2015-11-04,4.696e-09
2015-11-03,4.800000000000001e-09
2015-11-02,4.8039999999999995e-09
2015-11-01,4.7599999999999e-09
2015-10-31,4.5539999999999005e-09
2015-10-30,4.657000000000001e-09
2015-10-29,4.8039999999999995e-09
2015-10-28,4.7599999999999e-09
2015-10-27,4.6299999999999e-09
2015-10-26,4.659e-09
2015-10-25,4.672e-09
2015-10-24,4.693e-09
2015-10-23,4.7509999999999e-09
2015-10-22,4.659e-09
2015-10-21,4.672e-09
2015-10-20,4.896e-09
2015-10-19,4.7869999999999e-09
2015-10-18,4.8249999999999e-09
2015-10-17,4.894000000000001e-09
2015-10-16,5.0949999999999995e-09
2015-10-15,4.7869999999999e-09
2015-10-14,4.8249999999999e-09
2015-10-13,5.2079999999999e-09
2015-10-12,5.213e-09
2015-10-11,5.166e-09
2015-10-10,5.134000000000001e-09
2015-10-09,4.945e-09
2015-10-08,5.213e-09
2015-10-07,5.166e-09
2015-10-06,4.6549999999999e-09
2015-10-05,4.747999999999901e-09
2015-10-04,4.729e-09
2015-10-03,4.758e-09
2015-10-02,4.603999999999999e-09
2015-10-01,4.747999999999901e-09
2015-09-30,4.729e-09
2015-09-29,4.7279999999999e-09
2015-09-28,4.706e-09
2015-09-27,4.800000000000001e-09
2015-09-26,4.6689999999999e-09
2015-09-25,4.764e-09
2015-09-24,4.706e-09
2015-09-23,4.800000000000001e-09
2015-09-22,4.7279999999999e-09
2015-09-21,4.826999999999999e-09
2015-09-20,4.935e-09
2015-09-19,4.5909999999999e-09
2015-09-18,4.587e-09
2015-09-17,4.826999999999999e-09
2015-09-16,4.935e-09
2015-09-15,4.686999999999901e-09
2015-09-14,4.777e-09
2015-09-13,4.8039999999999995e-09
2015-09-12,4.888e-09
2015-09-11,4.642e-09
2015-09-10,4.777e-09
2015-09-09,4.8039999999999995e-09
2015-09-08,4.859e-09
2015-09-07,5.0409999999999994e-09
2015-09-06,4.7670000000000014e-09
2015-09-05,4.8800000000000005e-09
2015-09-04,4.859e-09
2015-09-03,5.0409999999999994e-09
2015-09-02,4.7670000000000014e-09
2015-09-01,4.797000000000001e-09
2015-08-31,4.446000000000001e-09
2015-08-30,4.7759999999999e-09
2015-08-29,4.1859999999999e-09
2015-08-28,4.158999999999901e-09
2015-08-27,4.446000000000001e-09
2015-08-26,4.7759999999999e-09
2015-08-25,4.384e-09
2015-08-24,4.563e-09
2015-08-23,4.575e-09
2015-08-22,4.6999999999999e-09
2015-08-21,4.777e-09
2015-08-20,4.563e-09
2015-08-19,4.575e-09
2015-08-18,4.779e-09
2015-08-17,4.8009999999999e-09
2015-08-16,4.829e-09
2015-08-15,4.733e-09
2015-08-14,4.83e-09
2015-08-13,4.8009999999999e-09
2015-08-12,4.829e-09
2015-08-11,4.7539999999999e-09
2015-08-10,4.7799999999998995e-09
2015-08-09,4.904e-09
2015-08-08,4.9079999999999e-09
2015-08-07,4.949e-09
2015-08-06,4.7799999999998995e-09
2015-08-05,4.904e-09
2015-08-04,5.329e-09
2015-08-03,5.428999999999999e-09
2015-08-02,5.473e-09
2015-08-01,5.4299999999998996e-09
2015-07-31,5.4069999999999e-09
2015-07-30,5.428999999999999e-09
2015-07-29,5.473e-09
2015-07-28,5.428999999999999e-09
2015-07-27,5.576e-09
2015-07-26,5.635999999999901e-09
2015-07-25,5.594e-09
2015-07-24,5.642e-09
2015-07-23,5.576e-09
2015-07-22,5.635999999999901e-09
2015-07-21,5.638e-09
2015-07-20,5.730999999999999e-09
2015-07-19,5.734e-09
2015-07-18,5.72e-09
2015-07-17,5.763e-09
2015-07-16,5.730999999999999e-09
2015-07-15,5.734e-09
2015-07-14,5.7719999999998994e-09
2015-07-13,5.783e-09
2015-07-12,5.57e-09
2015-07-11,5.472e-09
2015-07-10,5.718999999999901e-09
2015-07-09,5.783e-09
2015-07-08,5.57e-09
2015-07-07,5.906e-09
2015-07-06,6.172999999999999e-09
2015-07-05,6.164999999999899e-09
2015-07-04,6.0309999999999995e-09
2015-07-03,5.903e-09
2015-07-02,6.172999999999999e-09
2015-07-01,6.164999999999899e-09
2015-06-30,6.014e-09
2015-06-29,6.023999999999999e-09
2015-06-28,6.163e-09
2015-06-27,6.167e-09
2015-06-26,6.0539999999999e-09
2015-06-25,6.023999999999999e-09
2015-06-24,6.163e-09
2015-06-23,5.940999999999901e-09
2015-06-22,6.1370000000000015e-09
2015-06-21,6.075e-09
2015-06-20,6.075e-09
2015-06-19,6.099e-09
2015-06-18,6.1370000000000015e-09
2015-06-17,6.075e-09
2015-06-16,6.318999999999999e-09
2015-06-15,6.376e-09
2015-06-14,6.4679999999999996e-09
2015-06-13,6.3230000000000014e-09
2015-06-12,6.132999999999899e-09
2015-06-11,6.376e-09
2015-06-10,6.4679999999999996e-09
2015-06-09,6.036e-09
2015-06-08,6.0340000000000005e-09
2015-06-07,6.277999999999999e-09
2015-06-06,6.3139999999999e-09
2015-06-05,6.286999999999899e-09
2015-06-04,6.0340000000000005e-09
2015-06-03,6.277999999999999e-09
2015-06-02,6.315999999999899e-09
2015-06-01,6.0119999999999995e-09
2015-05-31,6.135e-09
2015-05-30,6.164999999999899e-09
2015-05-29,6.452e-09
2015-05-28,6.0119999999999995e-09
2015-05-27,6.135e-09
2015-05-26,6.47e-09
2015-05-25,6.47e-09
2015-05-24,6.3519999999999996e-09
2015-05-23,6.347999999999899e-09
2015-05-22,6.515e-09
2015-05-21,6.47e-09
2015-05-20,6.3519999999999996e-09
2015-05-19,6.469000000000001e-09
2015-05-18,6.557999999999999e-09
2015-05-17,6.633e-09
2015-05-16,6.509e-09
2015-05-15,6.2819999999998995e-09
2015-05-14,6.557999999999999e-09
2015-05-13,6.633e-09
2015-05-12,6.382e-09
2015-05-11,6.492999999999999e-09
2015-05-10,6.622e-09
2015-05-09,6.5439999999999e-09
2015-05-08,6.462e-09
2015-05-07,6.492999999999999e-09
2015-05-06,6.622e-09
2015-05-05,6.412999999999899e-09
2015-05-04,6.39e-09
2015-05-03,6.396999999999899e-09
2015-05-02,6.2610000000000014e-09
2015-05-01,6.286e-09
2015-04-30,6.39e-09
2015-04-29,6.396999999999899e-09
2015-04-28,6.2960000000000014e-09
2015-04-27,6.2659999999999e-09
2015-04-26,6.0119999999999995e-09
2015-04-25,6.0119999999999995e-09
2015-04-24,6.1199999999999995e-09
2015-04-23,6.2659999999999e-09
2015-04-22,6.0119999999999995e-09
2015-04-21,6.131000000000001e-09
2015-04-20,6.0130000000000015e-09
2015-04-19,5.932e-09
2015-04-18,5.7689999999999994e-09
2015-04-17,5.714000000000001e-09
2015-04-16,6.0130000000000015e-09
2015-04-15,5.932e-09
2015-04-14,5.682e-09
2015-04-13,5.603999999999999e-09
2015-04-12,5.642e-09
2015-04-11,5.755e-09
2015-04-10,5.573e-09
2015-04-09,5.603999999999999e-09
2015-04-08,5.642e-09
2015-04-07,5.573e-09
2015-04-06,5.573e-09
2015-04-05,5.573e-09
2015-04-04,5.369e-09
2015-04-03,5.399e-09
2015-04-02,5.573e-09
2015-04-01,5.573e-09
2015-03-31,5.644000000000001e-09
2015-03-30,5.7019999999999995e-09
2015-03-29,5.417999999999901e-09
2015-03-28,5.360999999999999e-09
2015-03-27,5.382e-09
2015-03-26,5.7019999999999995e-09
2015-03-25,5.417999999999901e-09
2015-03-24,5.388e-09
2015-03-23,5.2959999999999015e-09
2015-03-22,5.259e-09
2015-03-21,5.2170000000000005e-09
2015-03-20,5.2e-09
2015-03-19,5.2959999999999015e-09
2015-03-18,5.259e-09
2015-03-17,5.48e-09
2015-03-16,5.666e-09
2015-03-15,5.646e-09
2015-03-14,5.595e-09
2015-03-13,5.8670000000000005e-09
2015-03-12,5.666e-09
2015-03-11,5.646e-09
2015-03-10,5.9149999999999995e-09
2015-03-09,6.032999999999901e-09
2015-03-08,5.918e-09
2015-03-07,6.1180000000000014e-09
2015-03-06,6.075e-09
2015-03-05,6.032999999999901e-09
2015-03-04,5.918e-09
2015-03-03,6.189e-09
2015-03-02,6.139e-09
2015-03-01,5.977e-09
2015-02-28,6.032999999999901e-09
2015-02-27,5.978e-09
2015-02-26,6.139e-09
2015-02-25,5.977e-09
2015-02-24,6.099e-09
2015-02-23,5.8779999999999e-09
2015-02-22,6.0719999999999004e-09
2015-02-21,6.077999999999999e-09
2015-02-20,6.157e-09
2015-02-19,5.8779999999999e-09
2015-02-18,6.0719999999999004e-09
2015-02-17,6.032999999999901e-09
2015-02-16,5.623e-09
2015-02-15,5.3479999999999e-09
2015-02-14,5.579e-09
2015-02-13,5.699999999999899e-09
2015-02-12,5.623e-09
2015-02-11,5.3479999999999e-09
2015-02-10,5.588e-09
2015-02-09,5.598e-09
2015-02-08,5.507e-09
2015-02-07,5.4409999999999e-09
2015-02-06,5.1740000000000005e-09
2015-02-05,5.598e-09
2015-02-04,5.507e-09
2015-02-03,4.752e-09
2015-02-02,4.661e-09
2015-02-01,4.707e-09
2015-01-31,4.6549999999999e-09
2015-01-30,4.6069999999999995e-09
2015-01-29,4.661e-09
2015-01-28,4.707e-09
2015-01-27,4.6689999999999e-09
2015-01-26,4.6089999999999e-09
2015-01-25,4.65e-09
2015-01-24,4.6489999999999e-09
2015-01-23,4.6689999999999e-09
2015-01-22,4.6089999999999e-09
2015-01-21,4.65e-09
2015-01-20,4.738e-09
2015-01-19,4.7659999999999e-09
2015-01-18,4.582e-09
2015-01-17,4.513e-09
2015-01-16,4.69e-09
2015-01-15,4.7659999999999e-09
2015-01-14,4.582e-09
2015-01-13,4.764e-09
2015-01-12,4.943000000000001e-09
2015-01-11,4.906e-09
2015-01-10,5.012e-09
2015-01-09,5.107999999999999e-09
2015-01-08,4.943000000000001e-09
2015-01-07,4.906e-09
2015-01-06,5.538e-09
2015-01-05,5.5270000000000005e-09
2015-01-04,5.5270000000000005e-09
2015-01-03,5.5600000000000015e-09
2015-01-02,5.7860000000000005e-09
2015-01-01,5.5270000000000005e-09
2014-12-31,5.5270000000000005e-09
2014-12-30,5.8719999999999996e-09
2014-12-29,5.7860000000000005e-09
2014-12-28,5.8670000000000005e-09
2014-12-27,5.907e-09
2014-12-26,5.830999999999999e-09
2014-12-24,5.8670000000000005e-09
2014-12-23,5.887e-09
2014-12-22,5.8810000000000015e-09
2014-12-21,5.984000000000001e-09
2014-12-20,6.0260000000000005e-09
2014-12-19,6.1089999999999995e-09
2014-12-18,5.8810000000000015e-09
2014-12-17,5.984000000000001e-09
2014-12-16,6.167e-09
2014-12-15,6.3649999999999e-09
2014-12-14,6.331999999999999e-09
2014-12-13,6.611e-09
2014-12-12,6.5639999999999e-09
2014-12-11,6.3649999999999e-09
2014-12-10,6.331999999999999e-09
2014-12-09,6.8e-09
2014-12-08,6.8479999999999995e-09
2014-12-07,7.0129999999999e-09
2014-12-06,7.1129999999999005e-09
2014-12-05,7.0869999999999e-09
2014-12-04,6.8479999999999995e-09
2014-12-03,7.0129999999999e-09
2014-12-02,7.189e-09
2014-12-01,7.0869999999999e-09
2014-11-30,7.739e-09
2014-11-29,7.761999999999999e-09
2014-11-28,7.962e-09
2014-11-26,7.739e-09
2014-11-25,7.92e-09
2014-11-24,7.760999999999999e-09
2014-11-23,7.720999999999901e-09
2014-11-22,7.723e-09
2014-11-21,7.6859999999999e-09
2014-11-20,7.760999999999999e-09
2014-11-19,7.720999999999901e-09
2014-11-18,7.751e-09
2014-11-17,7.773999999999999e-09
2014-11-16,8.042e-09
2014-11-15,8.094e-09
2014-11-14,8.290000000000002e-09
2014-11-13,7.773999999999999e-09
2014-11-12,8.042e-09
2014-11-11,8.32e-09
2014-11-10,8.208e-09
2014-11-09,8.288e-09
2014-11-08,8.212000000000001e-09
2014-11-07,8.489999999999999e-09
2014-11-06,8.208e-09
2014-11-05,8.288e-09
2014-11-04,8.416999999999999e-09
2014-11-03,8.55e-09
2014-11-02,8.6909999999999e-09
2014-11-01,8.5569999999999e-09
2014-10-31,8.564e-09
2014-10-30,8.55e-09
2014-10-29,8.6909999999999e-09
2014-10-28,8.600000000000001e-09
2014-10-27,8.593999999999999e-09
2014-10-26,8.638e-09
2014-10-25,8.517000000000001e-09
2014-10-24,8.441999999999999e-09
2014-10-23,8.593999999999999e-09
2014-10-22,8.638e-09
2014-10-21,8.527000000000001e-09
2014-10-20,8.402e-09
2014-10-19,8.402e-09
2014-10-18,8.636e-09
2014-10-17,8.781999999999999e-09
2014-10-16,8.402e-09
2014-10-15,8.402e-09
2014-10-14,8.8659999999999e-09
2014-10-13,9.047e-09
2014-10-12,9.025e-09
2014-10-11,9.09e-09
2014-10-10,9.065e-09
2014-10-09,9.047e-09
2014-10-08,9.025e-09
2014-10-07,9.080000000000001e-09
2014-10-06,9.129e-09
2014-10-05,9.457e-09
2014-10-04,9.467e-09
2014-10-03,9.57e-09
2014-10-02,9.129e-09
2014-10-01,9.457e-09
2014-09-30,9.5079999999999e-09
2014-09-29,9.5199999999999e-09
2014-09-28,9.453e-09
2014-09-27,9.487000000000001e-09
2014-09-26,9.537e-09
2014-09-25,9.5199999999999e-09
2014-09-24,9.453e-09
2014-09-23,9.675e-09
2014-09-22,9.682e-09
2014-09-21,9.77e-09
2014-09-20,9.739e-09
2014-09-19,9.643e-09
2014-09-18,9.682e-09
2014-09-17,9.77e-09
2014-09-16,9.6309999999999e-09
2014-09-15,9.642e-09
2014-09-14,9.626e-09
2014-09-13,9.808e-09
2014-09-12,9.953e-09
2014-09-11,9.642e-09
2014-09-10,9.626e-09
2014-09-09,9.951000000000001e-09
2014-09-08,1.0121e-08
2014-09-07,1.0088e-08
2014-09-06,1.0021e-08
2014-09-05,9.951000000000001e-09
2014-09-04,1.0121e-08
2014-09-03,1.0088e-08
2014-09-02,1.0112e-08
2014-09-01,1.0071e-08
2014-08-31,1.0040000000000001e-08
2014-08-30,1.004999999999e-08
2014-08-29,1.004899999999e-08
2014-08-28,1.0071e-08
2014-08-27,1.0040000000000001e-08
2014-08-26,1.0008999999990002e-08
2014-08-25,1.002799999999e-08
2014-08-24,9.992e-09
2014-08-23,9.974e-09
2014-08-22,9.936999999999998e-09
2014-08-21,1.002799999999e-08
2014-08-20,9.992e-09
2014-08-19,1.0113e-08
2014-08-18,1.0115e-08
2014-08-17,1.0227e-08
2014-08-16,1.0168e-08
2014-08-15,1.0347e-08
2014-08-14,1.0115e-08
2014-08-13,1.0227e-08
2014-08-12,1.0336e-08
2014-08-11,1.0402e-08
2014-08-10,1.041699999999e-08
2014-08-09,1.0282e-08
2014-08-08,1.0363e-08
2014-08-07,1.0402e-08
2014-08-06,1.041699999999e-08
2014-08-05,1.0345e-08
2014-08-04,1.0494e-08
2014-08-03,1.0647e-08
2014-08-02,1.0698e-08
2014-08-01,1.066999999999e-08
2014-07-31,1.0494e-08
2014-07-30,1.0647e-08
2014-07-29,1.0688999999989998e-08
2014-07-28,1.0578e-08
2014-07-27,1.0685e-08
2014-07-26,1.0648e-08
2014-07-25,1.057099999999e-08
2014-07-24,1.0578e-08
2014-07-23,1.0685e-08
2014-07-22,1.0603e-08
2014-07-21,1.0604e-08
2014-07-20,1.0541e-08
2014-07-19,1.0473e-08
2014-07-18,1.0473e-08
2014-07-17,1.0604e-08
2014-07-16,1.0541e-08
2014-07-15,1.0577e-08
2014-07-14,1.061999999999e-08
2014-07-13,1.0684e-08
2014-07-12,1.0765e-08
2014-07-11,1.087e-08
2014-07-10,1.061999999999e-08
2014-07-09,1.0684e-08
2014-07-08,1.0765e-08
2014-07-07,1.0898e-08
2014-07-06,1.1017999999990001e-08
2014-07-05,1.1084e-08
2014-07-04,1.1103e-08
2014-07-03,1.0898e-08
2014-07-02,1.1017999999990001e-08
2014-07-01,1.126199999999e-08
2014-06-30,1.1261e-08
2014-06-29,1.1284e-08
2014-06-28,1.1374e-08
2014-06-27,1.1362e-08
2014-06-26,1.1261e-08
2014-06-25,1.1284e-08
2014-06-24,1.145499999999e-08
2014-06-23,1.1519e-08
2014-06-22,1.1425e-08
2014-06-21,1.1401999999999998e-08
2014-06-20,1.1342000000000002e-08
2014-06-19,1.1519e-08
2014-06-18,1.1425e-08
2014-06-17,1.131499999999e-08
2014-06-16,1.1217999999990001e-08
2014-06-15,1.0983e-08
2014-06-14,1.0918e-08
2014-06-13,1.105499999999e-08
2014-06-12,1.1217999999990001e-08
2014-06-11,1.0983e-08
2014-06-10,1.092099999999e-08
2014-06-09,1.0843e-08
2014-06-08,1.0907e-08
2014-06-07,1.0887e-08
2014-06-06,1.0934e-08
2014-06-05,1.0843e-08
2014-06-04,1.0907e-08
2014-06-03,1.092099999999e-08
2014-06-02,1.0998e-08
2014-06-01,1.0909e-08
2014-05-31,1.0981e-08
2014-05-30,1.1001e-08
2014-05-29,1.0998e-08
2014-05-28,1.0909e-08
2014-05-27,1.101899999999e-08
2014-05-26,1.1089000000000001e-08
2014-05-25,1.1132e-08
2014-05-24,1.1035e-08
2014-05-23,1.1084e-08
2014-05-22,1.1089000000000001e-08
2014-05-21,1.1132e-08
2014-05-20,1.108999999999e-08
2014-05-19,1.097399999999e-08
2014-05-18,1.0987e-08
2014-05-17,1.0878e-08
2014-05-16,1.0837e-08
2014-05-15,1.097399999999e-08
2014-05-14,1.0987e-08
2014-05-13,1.0826e-08
2014-05-12,1.0819e-08
2014-05-11,1.0817e-08
2014-05-10,1.082999999999e-08
2014-05-09,1.094799999999e-08
2014-05-08,1.0819e-08
2014-05-07,1.0817e-08
2014-05-06,1.094799999999e-08
2014-05-05,1.0863e-08
2014-05-04,1.0863e-08
2014-05-03,1.0989e-08
2014-05-02,1.0912e-08
2014-05-01,1.0863e-08
2014-04-30,1.0863e-08
2014-04-29,1.095299999999e-08
2014-04-28,1.097899999999e-08
2014-04-27,1.0848e-08
2014-04-26,1.085399999999e-08
2014-04-25,1.0969e-08
2014-04-24,1.097899999999e-08
2014-04-23,1.0848e-08
2014-04-22,1.085399999999e-08
2014-04-21,1.097899999999e-08
2014-04-20,1.0971e-08
2014-04-19,1.091e-08
2014-04-18,1.0768000000000001e-08
2014-04-17,1.097899999999e-08
2014-04-16,1.0971e-08
2014-04-15,1.073399999999e-08
2014-04-14,1.070999999999e-08
2014-04-13,1.0739e-08
2014-04-12,1.0583e-08
2014-04-11,1.0489e-08
2014-04-10,1.070999999999e-08
2014-04-09,1.0739e-08
2014-04-08,1.064099999999e-08
2014-04-07,1.048799999999e-08
2014-04-06,1.0337e-08
2014-04-05,1.057e-08
2014-04-04,1.0595e-08
2014-04-03,1.048799999999e-08
2014-04-02,1.0337e-08
2014-04-01,1.0664e-08
2014-03-31,1.0658e-08
2014-03-30,1.059e-08
2014-03-29,1.0701e-08
2014-03-28,1.0659e-08
2014-03-27,1.0658e-08
2014-03-26,1.059e-08
2014-03-25,1.072e-08
2014-03-24,1.057299999999e-08
2014-03-23,1.0595e-08
2014-03-22,1.0679e-08
2014-03-21,1.0699e-08
2014-03-20,1.057299999999e-08
2014-03-19,1.0595e-08
2014-03-18,1.0808000000000002e-08
2014-03-17,1.0748e-08
2014-03-16,1.078799999999e-08
2014-03-15,1.083499999999e-08
2014-03-14,1.0826999999990001e-08
2014-03-13,1.0748e-08
2014-03-12,1.078799999999e-08
2014-03-11,1.0914000000000001e-08
2014-03-10,1.0799e-08
2014-03-09,1.081499999999e-08
2014-03-08,1.0917e-08
2014-03-07,1.1126e-08
2014-03-06,1.0799e-08
2014-03-05,1.081499999999e-08
2014-03-04,1.0898e-08
2014-03-03,1.085399999999e-08
2014-03-02,1.0939e-08
2014-03-01,1.0919e-08
2014-02-28,1.097599999999e-08
2014-02-27,1.085399999999e-08
2014-02-26,1.0939e-08
2014-02-25,1.090299999999e-08
2014-02-24,1.0942e-08
2014-02-23,1.103699999999e-08
2014-02-22,1.1014e-08
2014-02-21,1.090299999999e-08
2014-02-20,1.0942e-08
2014-02-19,1.103699999999e-08
2014-02-18,1.0863e-08
2014-02-17,1.0898e-08
2014-02-16,1.0862000000000002e-08
2014-02-15,1.092099999999e-08
2014-02-14,1.1017999999990001e-08
2014-02-13,1.0898e-08
2014-02-12,1.0862000000000002e-08
2014-02-11,1.1012e-08
2014-02-10,1.081499999999e-08
2014-02-09,1.0680999999990001e-08
2014-02-08,1.0704e-08
2014-02-07,1.0655e-08
2014-02-06,1.081499999999e-08
2014-02-05,1.0680999999990001e-08
2014-02-04,1.0816e-08
2014-02-03,1.0936e-08
2014-02-02,1.0883e-08
2014-02-01,1.091e-08
2014-01-31,1.0872e-08
2014-01-30,1.0936e-08
2014-01-29,1.0883e-08
2014-01-28,1.0914000000000001e-08
2014-01-27,1.0969e-08
2014-01-26,1.0969e-08
2014-01-25,1.0917e-08
2014-01-24,1.0801e-08
2014-01-23,1.0969e-08
2014-01-22,1.0969e-08
2014-01-21,1.0845e-08
2014-01-20,1.0746e-08
2014-01-19,1.080899999999e-08
2014-01-18,1.071199999999e-08
2014-01-17,1.0802e-08
2014-01-16,1.0746e-08
2014-01-15,1.080899999999e-08
2014-01-14,1.0644e-08
2014-01-13,1.0749000000000001e-08
2014-01-12,1.0742e-08
2014-01-11,1.0701e-08
2014-01-10,1.0670999999999998e-08
2014-01-09,1.0749000000000001e-08
2014-01-08,1.0742e-08
2014-01-07,1.0657e-08
2014-01-06,1.0794e-08
2014-01-04,1.099499999999e-08
2014-01-03,1.104699999999e-08
2014-01-02,1.0794e-08
